{"sapBrandColor":"#000000","sapHighlightColor":"#cc8700","sapBaseColor":"#dddddd","sapShellColor":"#ffffff","sapBackgroundColor":"#ffffff","sapFontFamily":"Arial, Helvetica, sans-serif","sapFontSize":"0.75em","sapTextColor":"#000000","sapLinkColor":"#000000","sapCompanyLogo":"none","sapBackgroundImage":"none","sapBackgroundImageOpacity":"1","sapBackgroundImageRepeat":"false","sapSelectedColor":"#2e9cea","sapActiveColor":"#cc8700","sapHighlightTextColor":"#ffffff","sapTitleColor":"#000000","sapNegativeColor":"#bb0000","sapCriticalColor":"#e78c07","sapPositiveColor":"#2b7d2b","sapNeutralColor":"#ffffff","sapNegativeElementColor":"#bb0000","sapCriticalElementColor":"#e78c07","sapPositiveElementColor":"#2b7d2b","sapNeutralElementColor":"#ffffff","sapContent_LineHeight":"1.3","sapContent_ElementHeight":"1.37em","sapContent_ElementHeight_PX":"22px","sapContent_IconHeight":"16px","sapContent_IconColor":"#000000","sapContent_ContrastIconColor":"#ffffff","sapContent_NonInteractiveIconColor":"#000000","sapContent_MarkerIconColor":"#000000","sapContent_FocusColor":"#000000","sapContent_ContrastFocusColor":"#ffffff","sapContent_ShadowColor":"#000000","sapContent_ContrastShadowColor":"#ffffff","sapContent_SearchHighlightColor":"#cc8700","sapContent_HelpColor":"#cc8700","sapContent_LabelColor":"#000000","sapContent_MonospaceFontFamily":"lucida console, monospace","sapContent_DisabledTextColor":"#666666","sapContent_DisabledOpacity":"0.5","sapContent_ContrastTextThreshold":"0.65","sapContent_ContrastTextColor":"#ffffff","sapContent_ForegroundColor":"#e5e5e5","sapContent_ForegroundBorderColor":"#000000","sapContent_ForegroundTextColor":"#000000","sapShell_Background":"#ffffff","sapShell_BackgroundImage":"#ffffff","sapShell_BackgroundGradient":"#ffffff","sapShell_BackgroundImageOpacity":"1","sapShell_BackgroundImageRepeat":"false","sapShell_BorderColor":"#666666","sapShell_TextColor":"#000000","sapShell_Favicon":"none","sapButton_BorderWidth":"1px","sapButton_BorderCornerRadius":"0","sapButton_Background":"#ffffff","sapButton_BorderColor":"#000000","sapButton_TextColor":"#000000","sapButton_Disabled_Background":"#ffffff","sapButton_Disabled_BorderColor":"#666666","sapButton_Disabled_TextColor":"#666666","sapButton_Hover_Background":"#cc8700","sapButton_Hover_BorderColor":"#000000","sapButton_Hover_TextColor":"#ffffff","sapButton_Emphasized_Background":"#ffffff","sapButton_Emphasized_BorderColor":"#000000","sapButton_Emphasized_TextColor":"#000000","sapButton_Reject_Background":"#ffffff","sapButton_Accept_Background":"#ffffff","sapField_Background":"#ffffff","sapField_BorderColor":"#000000","sapField_TextColor":"#000000","sapField_HelpBackground":"#ffffff","sapField_BorderWidth":"1px","sapField_BorderCornerRadius":"0","sapField_Hover_Background":"#ffffff","sapField_Hover_BorderColor":"#000000","sapField_Hover_HelpBackground":"#cc8700","sapField_Focus_Background":"#ffffff","sapField_Focus_BorderColor":"#000000","sapField_Focus_HelpBackground":"#ffffff","sapField_Disabled_Background":"#959595","sapField_Disabled_BorderColor":"#4f4f4f","sapField_Disabled_TextColor":"#666666","sapField_Disabled_HelpBackground":"#959595","sapField_ReadOnly_Background":"#959595","sapField_ReadOnly_BorderColor":"#4f4f4f","sapField_ReadOnly_HelpBackground":"#959595","sapField_RequiredColor":"#000000","sapField_InvalidColor":"#ffffff","sapField_InvalidBackground":"#cc8700","sapField_WarningColor":"#000000","sapField_WarningBackground":"#ffffff","sapField_SuccessColor":"#000000","sapField_SuccessBackground":"#ffffff","sapGroup_TitleBackground":"#ffffff","sapGroup_TitleBorderColor":"#000000","sapGroup_TitleTextColor":"#000000","sapGroup_Title_FontSize":"1em","sapGroup_ContentBackground":"#ffffff","sapGroup_ContentBorderColor":"#000000","sapGroup_BorderWidth":"1px","sapGroup_BorderCornerRadius":"0","sapGroup_FooterBackground":"#ffffff","sapToolbar_Background":"#ffffff","sapToolbar_SeparatorColor":"#000000","sapList_HeaderBackground":"#ffffff","sapList_HeaderBorderColor":"#000000","sapList_HeaderTextColor":"#000000","sapList_BorderColor":"#4f4f4f","sapList_BorderWidth":"1px","sapList_HighlightColor":"#cc8700","sapList_SelectionBackgroundColor":"#2e9cea","sapList_Background":"#ffffff","sapList_Hover_Background":"#cc8700","sapScrollBar_FaceColor":"#4f4f4f","sapScrollBar_TrackColor":"#ffffff","sapScrollBar_BorderColor":"#4f4f4f","sapScrollBar_SymbolColor":"#000000","sapScrollBar_Dimension":"16px","sapScrollBar_Hover_FaceColor":"#000000","sapPageHeader_Background":"#ffffff","sapPageHeader_BorderColor":"#000000","sapPageHeader_TextColor":"#000000","sapPageFooter_Background":"#ffffff","sapPageFooter_TextColor":"#000000","sapInfobar_Background":"#ffffff","sapObjectHeader_Background":"#ffffff","sapBlockLayer_Background":"#000000","sapTile_Background":"#ffffff","sapTile_BorderColor":"#000000","sapTile_TitleTextColor":"#000000","sapTile_TextColor":"#000000","sapTile_IconColor":"#000000","sapChart_OrderedColor_1":"#5cbae6","sapChart_OrderedColor_2":"#b6d957","sapChart_OrderedColor_3":"#fac364","sapChart_OrderedColor_4":"#8cd3ff","sapChart_OrderedColor_5":"#d998cb","sapChart_OrderedColor_6":"#f2d249","sapChart_OrderedColor_7":"#93b9c6","sapChart_OrderedColor_8":"#ccc5a8","sapChart_OrderedColor_9":"#52bacc","sapChart_OrderedColor_10":"#dbdb46","sapChart_OrderedColor_11":"#98aafb","sapChart_Bad":"#dc0d0e","sapChart_Critical":"#de890d","sapChart_Good":"#3fa45b","sapChart_Neutral":"#848f94","sapChart_Sequence_1":"#27a3dd","sapChart_Sequence_2":"#9dc62d","sapChart_Sequence_3":"#f8ac29","sapChart_Sequence_Neutral":"#848f94","sapUiBrand":"#ffffff","sapUiHighlight":"#7a5100","sapUiBaseColor":"#000000","sapUiShellColor":"#000000","sapUiBaseBG":"#000000","sapUiGlobalBackgroundColor":"#000000","sapUiBaseText":"#ffffff","sapUiLink":"#ffffff","sapUiGlobalLogo":"none","sapUiGlobalBackgroundImage":"none","sapUiBackgroundImage":"none","sapUiUx3ShellBackgroundImageURL":"none","sapUiGlobalBackgroundImageOpacity":"1","sapUiGlobalBackgroundRepeat":"false","sapUiSelected":"#0f5d94","sapUiActive":"#7a5100","sapUiHighlightTextColor":"#ffffff","sapUiTextTitle":"#ffffff","sapUiContentIconColor":"#ffffff","sapUiContentContrastIconColor":"#000000","sapUiContentNonInteractiveIconColor":"#ffffff","sapUiContentMarkerIconColor":"#ffffff","sapUiContentImagePlaceholderBackground":"#000000","sapUiContentImagePlaceholderForegroundColor":"#999999","sapUiContentFocusColor":"#ffffff","sapUiContentContrastFocusColor":"#000000","sapUiContentShadowColor":"#ffffff","sapUiContentContrastShadowColor":"#000000","sapUiContentSearchHighlightColor":"#7a5100","sapUiContentHelpColor":"#03b803","sapUiContentLabelColor":"#ffffff","sapUiContentDisabledTextColor":"#666666","sapUiContentDisabledOpacity":"0.5","sapUiContentContrastTextThreshold":"0.65","sapUiContentContrastTextColor":"#ffffff","sapUiContentForegroundColor":"#000000","sapUiContentForegroundBorderColor":"#ffffff","sapUiContentForegroundTextColor":"#ffffff","sapUiShellBackground":"#000000","sapUiShellBackgroundImage":"#ffffff","sapUiShellBackgroundImageOpacity":"1","sapUiShellBackgroundImageRepeat":"false","sapUiShellBackgroundGradient":"#000000","sapUiShellBorderColor":"#ffffff","sapUiShellTextColor":"#ffffff","sapUiShellFavicon":"none","sapUiButtonBackground":"#000000","sapUiButtonBorderColor":"#ffffff","sapUiButtonTextColor":"#ffffff","sapUiButtonDisabledBackground":"#000000","sapUiButtonDisabledBorderColor":"#666666","sapUiButtonDisabledTextColor":"#666666","sapUiButtonHoverBackground":"#7a5100","sapUiButtonHoverBorderColor":"#ffffff","sapUiButtonHoverTextColor":"#ffffff","sapUiButtonEmphasizedBackground":"#000000","sapUiButtonEmphasizedBorderColor":"#ffffff","sapUiButtonEmphasizedTextColor":"#ffffff","sapUiButtonRejectBackground":"#000000","sapUiButtonAcceptBackground":"#000000","sapUiFieldBackground":"#000000","sapUiFieldBorderColor":"#ffffff","sapUiFieldTextColor":"#ffffff","sapUiFieldHelpBackground":"#000000","sapUiFieldHoverBackground":"#000000","sapUiFieldHoverBorderColor":"#ffffff","sapUiFieldHoverHelpBackground":"#7a5100","sapUiFieldFocusBackground":"#000000","sapUiFieldFocusBorderColor":"#ffffff","sapUiFieldFocusHelpBackground":"#000000","sapUiFieldReadOnlyBackground":"#585858","sapUiFieldReadOnlyBorderColor":"#999999","sapUiFieldReadOnlyHelpBackground":"#585858","sapUiFieldDisabledBackground":"#585858","sapUiFieldDisabledBorderColor":"#999999","sapUiFieldDisabledTextColor":"#666666","sapUiFieldDisabledHelpBackground":"#585858","sapUiFieldRequiredColor":"#ffffff","sapUiFieldInvalidColor":"#ffffff","sapUiFieldInvalidBackground":"#7a5100","sapUiFieldWarningColor":"#ffffff","sapUiFieldWarningBackground":"#000000","sapUiFieldSuccessColor":"#ffffff","sapUiFieldSuccessBackground":"#000000","sapUiGroupTitleBackground":"#000000","sapUiGroupTitleBorderColor":"#ffffff","sapUiGroupTitleTextColor":"#ffffff","sapUiGroupContentBackground":"#000000","sapUiGroupContentBorderColor":"#ffffff","sapUiGroupFooterBackground":"#000000","sapUiToolbarBackground":"#000000","sapUiToolbarSeparatorColor":"#ffffff","sapUiListHeaderBackground":"#000000","sapUiListHeaderBorderColor":"#ffffff","sapUiListHeaderTextColor":"#ffffff","sapUiListBorderColor":"#999999","sapUiListHighlightColor":"#7a5100","sapUiListSelectionBackgroundColor":"#0f5d94","sapUiListBackground":"#000000","sapUiListHoverBackground":"#7a5100","sapUiScrollBarFaceColor":"#999999","sapUiScrollBarTrackColor":"#000000","sapUiScrollBarBorderColor":"#999999","sapUiScrollBarSymbolColor":"#ffffff","sapUiScrollBarHoverFaceColor":"#ffffff","sapUiPageHeaderBackground":"#000000","sapUiPageHeaderBorderColor":"#ffffff","sapUiPageHeaderTextColor":"#ffffff","sapUiPageFooterBackground":"#000000","sapUiPageFooterTextColor":"#ffffff","sapUiInfobarBackground":"#000000","sapUiObjectHeaderBackground":"#000000","sapUiBlockLayerBackground":"#000000","sapUiTileBackground":"#000000","sapUiTileBorderColor":"#ffffff","sapUiTileTitleTextColor":"#ffffff","sapUiTileTextColor":"#ffffff","sapUiTileIconColor":"#ffffff","sapUiChart1":"#5cbae6","sapUiChart2":"#b6d957","sapUiChart3":"#fac364","sapUiChart4":"#8cd3ff","sapUiChart5":"#d998cb","sapUiChart6":"#f2d249","sapUiChart7":"#93b9c6","sapUiChart8":"#ccc5a8","sapUiChart9":"#52bacc","sapUiChart10":"#dbdb46","sapUiChart11":"#98aafb","sapUiChartBad":"#d32030","sapUiChartCritical":"#e17b24","sapUiChartGood":"#61a656","sapUiChartNeutral":"#848f94","sapUiChartSequence1":"#27a3dd","sapUiChartSequence2":"#9dc62d","sapUiChartSequence3":"#f8ac29","sapUiChartSequenceNeutral":"#848f94","sapUiErrorBG":"#000000","sapUiWarningBG":"#000000","sapUiSuccessBG":"#000000","sapUiNeutralBG":"#000000","sapUiErrorBorder":"#ffffff","sapUiWarningBorder":"#ffffff","sapUiSuccessBorder":"#ffffff","sapUiNeutralBorder":"#ffffff","sapUiNegativeElement":"#ff5e5e","sapUiCriticalElement":"#ffab1d","sapUiPositiveElement":"#99cc99","sapUiNeutralElement":"#ffffff","sapUiNegativeText":"#ff5e5e","sapUiCriticalText":"#ffab1d","sapUiPositiveText":"#99cc99","sapUiNeutralText":"#ffffff","sapUiNegative":"#bb0000","sapUiCritical":"#e78c07","sapUiPositive":"#2b7d2b","sapUiNeutral":"#ffffff","sapUiErrorColor":"#ee0000","sapUiWarningColor":"#f9a429","sapUiSuccessColor":"#38a338","sapUiFontFamily":"Arial, Helvetica, sans-serif","sapUiFontSize":"16px","sapUiFontCondensedFamily":"'Arial Narrow', HelveticaNeue-CondensedBold, Arial, sans-serif","sapUiFontHeaderFamily":"Arial, Helvetica, sans-serif","sapUiFontHeaderWeight":"normal","sapMFontHeader1Size":"1.625rem","sapMFontHeader2Size":"1.375rem","sapMFontHeader3Size":"1.25rem","sapMFontHeader4Size":"1.125rem","sapMFontHeader5Size":"1rem","sapMFontHeader6Size":"0.875rem","sapMFontSmallSize":"0.75rem","sapMFontMediumSize":"0.875rem","sapMFontLargeSize":"1rem","sapUiTranslucentBGOpacity":"80%","sapMPlatformDependent":"false","sapUiDesktopFontFamily":"Arial, Helvetica, sans-serif","sapUiDesktopFontSize":"12px","sapUiFontLargeSize":"13px","sapUiFontSmallSize":"11px","sapUiFontHeader1Size":"26px","sapUiFontHeader2Size":"20px","sapUiFontHeader3Size":"18px","sapUiFontHeader4Size":"16px","sapUiFontHeader5Size":"14px","sapUiFontHeader6Size":"13px","sapUiLineHeight":"18px","sapUiChartLabelHoverColor":"#7a5100","sapUiChartLabelPressedColor":"#0f5d94","sapUiChartCategoryAxisLabelFontColor":"#ffffff","sapUiChartValueAxisLabelFontColor":"#ffffff","sapUiChartCategoryAxisLabelFontSize":"0.75rem","sapUiChartValueAxisLabelFontSize":"0.75rem","sapUiChartCategoryAxisLineColor":"#ffffff","sapUiChartValueAxisLineColor":"#ffffff","sapUiChartCategoryAxisTickColor":"#ffffff","sapUiChartValueAxisTickColor":"#ffffff","sapUiChartBackgroundColor":"#000000","sapUiChartLabelFontWeight":"normal","sapUiChartLegendLabelFontColor":"#ffffff","sapUiChartLegendTitleFontColor":"#ffffff","sapUiChartLegendTitleFontSize":"0.875rem","sapUiChartLegendLabelFontSize":"0.75rem","sapUiChartPaletteUndefinedColor":"#ffffff","sapUiChartGridlineColor":"#999999","sapUiChartReferenceLineColor":"#ffffff","sapUiChartDataLabelFontColor":"#ffffff","sapUiChartReferenceLineLabelColor":"#ffffff","sapUiChartDataLabelFontSize":"0.75rem","sapUiChartPopoverDataItemFontColor":"#ffffff","sapUiChartPopoverGroupFontColor":"#ffffff","sapUiChartPopoverDataItemFontSize":"0.875rem","sapUiChartPopoverGroupFontSize":"0.875rem","sapUiChartPopoverGroupFontWeight":"bold","sapUiChartScrollBarThumbColor":"#999999","sapUiChartScrollBarTrackColor":"#000000","sapUiChartScrollBarThumbHoverColor":"#ffffff","sapUiChartMainTitleFontColor":"#ffffff","sapUiChartAxisTitleFontColor":"#ffffff","sapUiChartMainTitleFontSize":"1rem","sapUiChartAxisTitleFontSize":"0.875rem","sapUiChartTitleFontWeight":"bold","sapUiChartLightText":"#ffffff","sapUiChartZeroAxisColor":"#ffffff","sapUiChartDataPointBorderColor":"#000000","sapUiChartDataPointBorderHoverSelectedColor":"#ffffff","sapUiChartDataPointNotSelectedBackgroundOpacity":"0.7","sapUiChartValueAxisLineOpacity":"0","sapUiChartCategoryAxisLabelFontHoverColor":"#ffffff","sapUiChartCategoryAxisLabelFontPressedColor":"#ffffff","sapUiChartTargetColor":"#ffffff","sapUiChartTargetShadowColor":"#000000","sapUiChartBubbleBGOpacity":"0.9","sapUiChartScrollbarBorderColor":"#999999","sapUiChartScrollbarBorderSize":"0.063rem","sapUiChartScrollbarThumbPadding":"0.125rem","sapUiChartNegativeLargeText":"#d32030","sapUiChartCriticalLargeText":"#e17b24","sapUiChartPositiveLargeText":"#61a656","sapUiChartNeutralLargeText":"#69767c","sapUiChartDataPointBG":"#d5dadc","sapUiChartDataPointBGBorderColor":"#d5dadc","sapUiChartDataLineColorWithBG":"#000000","sapUiChartDataLineColor":"#000000","sapUiChartRadialRemainingCircle":"#e3e6e7","sapUiChartRadialRemainingCircleBorderColor":"#e3e6e7","sapUiChartRadialBG":"#050505","sapUiChartPaletteQualitativeHue1":"#30a7df","sapUiChartPaletteQualitativeHue2":"#a3ce2f","sapUiChartPaletteQualitativeHue3":"#f8b033","sapUiChartPaletteQualitativeHue4":"#cb73b8","sapUiChartPaletteQualitativeHue5":"#efc619","sapUiChartPaletteQualitativeHue6":"#b9b088","sapUiChartPaletteQualitativeHue7":"#30a7df","sapUiChartPaletteQualitativeHue8":"#a3ce2f","sapUiChartPaletteQualitativeHue9":"#f8b033","sapUiChartPaletteQualitativeHue10":"#cb73b8","sapUiChartPaletteQualitativeHue11":"#efc619","sapUiChartPaletteSemanticBadLight3":"#db3535","sapUiChartPaletteSemanticBadLight2":"#db3535","sapUiChartPaletteSemanticBadLight1":"#ff7878","sapUiChartPaletteSemanticBad":"#ff7878","sapUiChartPaletteSemanticBadDark1":"#ff7878","sapUiChartPaletteSemanticBadDark2":"#ff7878","sapUiChartPaletteSemanticCriticalLight3":"#b67200","sapUiChartPaletteSemanticCriticalLight2":"#b67200","sapUiChartPaletteSemanticCriticalLight1":"#ffab1d","sapUiChartPaletteSemanticCritical":"#ffab1d","sapUiChartPaletteSemanticCriticalDark1":"#ffab1d","sapUiChartPaletteSemanticCriticalDark2":"#ffab1d","sapUiChartPaletteSemanticGoodLight3":"#5e975e","sapUiChartPaletteSemanticGoodLight2":"#5e975e","sapUiChartPaletteSemanticGoodLight1":"#a4dba4","sapUiChartPaletteSemanticGood":"#a4dba4","sapUiChartPaletteSemanticGoodDark1":"#a4dba4","sapUiChartPaletteSemanticGoodDark2":"#a4dba4","sapUiChartPaletteSemanticNeutralLight3":"#848f94","sapUiChartPaletteSemanticNeutralLight2":"#848f94","sapUiChartPaletteSemanticNeutralLight1":"#d5dadc","sapUiChartPaletteSemanticNeutral":"#d5dadc","sapUiChartPaletteSemanticNeutralDark1":"#d5dadc","sapUiChartPaletteSemanticNeutralDark2":"#d5dadc","sapUiChartPaletteSequentialHue1Light3":"#2481ad","sapUiChartPaletteSequentialHue1Light2":"#2481ad","sapUiChartPaletteSequentialHue1Light1":"#5cbae5","sapUiChartPaletteSequentialHue1":"#5cbae5","sapUiChartPaletteSequentialHue1Dark1":"#5cbae5","sapUiChartPaletteSequentialHue1Dark2":"#5cbae5","sapUiChartPaletteSequentialHue2Light3":"#819f31","sapUiChartPaletteSequentialHue2Light2":"#819f31","sapUiChartPaletteSequentialHue2Light1":"#c6e17d","sapUiChartPaletteSequentialHue2":"#c6e17d","sapUiChartPaletteSequentialHue2Dark1":"#c6e17d","sapUiChartPaletteSequentialHue2Dark2":"#c6e17d","sapUiChartPaletteSequentialHue3Light3":"#b67200","sapUiChartPaletteSequentialHue3Light2":"#b67200","sapUiChartPaletteSequentialHue3Light1":"#ffab1d","sapUiChartPaletteSequentialHue3":"#ffab1d","sapUiChartPaletteSequentialHue3Dark1":"#ffab1d","sapUiChartPaletteSequentialHue3Dark2":"#ffab1d","sapUiChartPaletteSequentialNeutralLight3":"#848f94","sapUiChartPaletteSequentialNeutralLight2":"#848f94","sapUiChartPaletteSequentialNeutralLight1":"#d5dadc","sapUiChartPaletteSequentialNeutral":"#d5dadc","sapUiChartPaletteSequentialNeutralDark1":"#d5dadc","sapUiChartPaletteSequentialNeutralDark2":"#d5dadc","sapUiChoroplethBG":"#000000","sapUiChoroplethRegionBorder":"#000000","sapUiChoroplethRegionBG":"#848f94","sapUiMapLegendBG":"#000000","sapUiMapLegendBorderColor":"#ffffff","sapUiShellHoverBackground":"#7a5100","sapUiShellActiveBackground":"#7a5100","sapUiShellActiveTextColor":"#ffffff","sapUiShellHoverToggleBackground":"#0f5d94","sapUiUx3ShellHeaderColor":"#000000","sapUiUx3ShellBackgroundColor":"#000000","sapUiUx3ShellHoverColor":"#7a5100","sapUiUx3ShellGradientBottom":"#000000","sapUiUx3ShellGradientTop":"#000000","sapUiUx3ShellToolPaletteIconFontColor":"#ffffff","sapUiUx3ExactLstExpandOffset":"0 0","sapUiUx3ExactLstRootExpandOffset":"0 3","sapUiUx3ExactLstContentTop":"25px","sapUiLinkActive":"#ffffff","sapUiLinkVisited":"#ffffff","sapUiLinkHover":"#ffffff","sapUiLinkInverted":"#ffffff","sapUiNotificationBarBG":"#000000","sapUiNotifierSeparator":"#ffffff","sapUiNotifierSeparatorWidth":"2px","sapUiNotificationBarBorder":"#ffffff","sapUiUx3ToolPopupInverted":"false","sapUiUx3ToolPopupArrowRightMarginCorrection":"-2px","sapUiUx3ToolPopupShadow":"0px 6px 12px 0px rgba(255, 255, 255, 0.3)","sapUiCalloutShadow":"0px 6px 12px 0px rgba(255, 255, 255, 0.3)","sapUiButtonIconColor":"#ffffff","sapUiButtonActiveBackground":"#7a5100","sapUiButtonActiveBorderColor":"#ffffff","sapUiButtonActiveTextColor":"#ffffff","sapUiButtonEmphasizedHoverBackground":"#7a5100","sapUiButtonEmphasizedHoverBorderColor":"#ffffff","sapUiButtonEmphasizedActiveBackground":"#7a5100","sapUiButtonEmphasizedActiveBorderColor":"#ffffff","sapUiButtonEmphasizedTextShadow":"#000000","sapUiButtonAcceptBorderColor":"#ffffff","sapUiButtonAcceptHoverBackground":"#7a5100","sapUiButtonAcceptHoverBorderColor":"#ffffff","sapUiButtonAcceptActiveBackground":"#7a5100","sapUiButtonAcceptActiveBorderColor":"#ffffff","sapUiButtonAcceptTextColor":"#ffffff","sapUiButtonRejectBorderColor":"#ffffff","sapUiButtonRejectHoverBackground":"#7a5100","sapUiButtonRejectHoverBorderColor":"#ffffff","sapUiButtonRejectActiveBackground":"#7a5100","sapUiButtonRejectActiveBorderColor":"#ffffff","sapUiButtonRejectTextColor":"#ffffff","sapUiButtonLiteBackground":"#000000","sapUiButtonLiteBorderColor":"#ffffff","sapUiButtonLiteTextColor":"#ffffff","sapUiButtonLiteHoverBackground":"#7a5100","sapUiButtonLiteHoverBorderColor":"#ffffff","sapUiButtonLiteActiveBackground":"#7a5100","sapUiButtonLiteActiveBorderColor":"#ffffff","sapUiButtonHeaderTextColor":"#ffffff","sapUiButtonHeaderDisabledTextColor":"#666666","sapUiButtonFooterTextColor":"#ffffff","sapUiButtonFooterHoverBackground":"#7a5100","sapUiButtonActionSelectBackground":"#000000","sapUiButtonActionSelectBorderColor":"#ffffff","sapUiButtonLiteActionSelectHoverBackground":"#7a5100","sapUiToggleButtonPressedBackground":"#0f5d94","sapUiToggleButtonPressedBorderColor":"#ffffff","sapUiToggleButtonPressedTextColor":"#ffffff","sapUiToggleButtonPressedHoverBackground":"#7a5100","sapUiToggleButtonPressedHoverBorderColor":"#ffffff","sapUiToggleButtonPressedDisabledBackground":"#585858","sapUiToggleButtonPressedDisabledBorderColor":"#666666","sapUiToggleButtonPressedDisabledTextColor":"#666666","sapUiSegmentedButtonBackground":"#000000","sapUiSegmentedButtonBorderColor":"#ffffff","sapUiSegmentedButtonTextColor":"#ffffff","sapUiSegmentedButtonHoverBackground":"#7a5100","sapUiSegmentedButtonActiveBackground":"#7a5100","sapUiSegmentedButtonActiveTextColor":"#ffffff","sapUiSegmentedButtonSelectedBackground":"#0f5d94","sapUiSegmentedButtonSelectedTextColor":"#ffffff","sapUiSegmentedButtonSelectedHoverBackground":"#7a5100","sapUiSegmentedButtonSelectedHoverBorderColor":"#ffffff","sapUiSegmentedButtonIconColor":"#ffffff","sapUiSegmentedButtonActiveIconColor":"#ffffff","sapUiSegmentedButtonSelectedIconColor":"#ffffff","sapUiSegmentedButtonFooterBorderColor":"#ffffff","sapUiSegmentedButtonFooterHoverBackground":"#7a5100","sapUiFieldActiveBackground":"#0f5d94","sapUiFieldActiveBorderColor":"#ffffff","sapUiFieldActiveTextColor":"#ffffff","sapUiFieldPlaceholderTextColor":"#999999","sapUiListTextColor":"#ffffff","sapUiListVerticalBorderColor":"#ffffff","sapUiListActiveBackground":"#7a5100","sapUiListActiveTextColor":"#ffffff","sapUiListSelectionHoverBackground":"#7a5100","sapUiListFooterBackground":"#000000","sapUiListFooterTextColor":"#ffffff","sapUiListGroupHeaderBackground":"#585858","sapUiListTableGroupHeaderBackground":"#585858","sapUiListTableGroupHeaderBorderColor":"#ffffff","sapUiListTableGroupHeaderTextColor":"#ffffff","sapUiListTableFooterBorder":"#ffffff","sapUiListTableFixedBorder":"#ffffff","sapUiListTableTextSize":"0.875rem","sapUiListTableIconSize":"1rem","sapUiPageFooterBorderColor":"#ffffff","sapUiInfobarHoverBackground":"#7a5100","sapUiInfobarActiveBackground":"#7a5100","sapUiCalendarColorToday":"#ffffff","sapUiShadowLevel0":"0 0 0.125rem 0 rgba(255, 255, 255, 0.3)","sapUiShadowLevel1":"0 0.125rem 0.375rem 0 rgba(255, 255, 255, 0.2), 0 0 0.125rem 0 rgba(255, 255, 255, 0.3)","sapUiShadowLevel2":"0 0.375rem 0.75rem 0 rgba(255, 255, 255, 0.3), 0 0 0.125rem 0 rgba(255, 255, 255, 0.3)","sapUiShadowLevel3":"0 1.25rem 2rem 0 rgba(255, 255, 255, 0.5), 0 0 0.125rem 0 rgba(255, 255, 255, 0.3)","sapUiShadowText":"0 1px rgba(0, 0, 0, 0.5)","sapUiShadowHeader":"0 0.125rem 0 0 #000000","sapUiUx3ShellHeaderImageURL":"","sapUiUx3ShellApplicationImageURL":"none","sapUiPurple":"#800080","sapUiOrange":"#ffa500","sapUiGreen":"#008000","sapUiBlue":"#0000ff","sapUiRed":"#ff0000","sapUiYellow":"#ffff00","sapUiBase":"#ffffff","sapUiBaseBorder":"#ffffff","sapUiBaseLine":"#ffffff","sapUiWhite":"#000000","sapUiWhiteBG":"#000000","sapUiExtraLightBG":"#000000","sapUiLightBG":"#000000","sapUiMediumBG":"#000000","sapUiDarkBG":"#000000","sapUiDeepBG":"#ffffff","sapUiBlackBG":"#ffffff","sapUiHoverBG":"#808080","sapUiMediumAltBG":"#808080","sapUiDarkAltBG":"#a9a9a9","sapUiButtonStandardBG":"#000000","sapUiButtonEmphasizedBG":"#000000","sapUiButtonNegativeBG":"#000000","sapUiButtonPositiveBG":"#000000","sapUiReadOnlyBG":"#585858","sapUiExtraLightText":"#ffffff","sapUiLightText":"#ffffff","sapUiMediumText":"#ffffff","sapUiDarkText":"#ffffff","sapUiDeepText":"#000000","sapUiText":"#ffffff","sapUiTextInverted":"#000000","sapUiWhiteBorder":"#ffffff","sapUiExtraLightBorder":"#ffffff","sapUiLightBorder":"#ffffff","sapUiMediumBorder":"#ffffff","sapUiDarkBorder":"#ffffff","sapUiBlackBorder":"#000000","sapUiElement":"#d3d3d3","sapUiInvertedElement":"#ffffff","sapUiLightLine":"#d3d3d3","sapUiMediumLine":"#808080","sapUiEmphasizedLine":"#7a5100","sapUiDarkLine":"#a9a9a9","sapUiLightShadowTint":"#ffffff","sapUiDarkShadowTint":"#ffffff","sapUiFocus":"#ffffff","sapUiInvertedFocus":"#ffffff","sapUiTableRowBG":"#000000","sapUiTableRowAlternatingBG":"#444444","sapUiTableRowSelectionBG":"#7a5100","sapUiTableRowSelectionReadOnlyBG":"#7a5100","sapUiTableRowHoverBG":"#808080","sapUiListBG":"#f7f7f7","sapUiTextColor":"#008000","sapUiTextTitleColor":"#008000","sapUiTextSelectionColor":"#008000","sapUiTextDisabled":"#666666","sapUiTextSelection":"#ffffff","sapUiTextfieldBackground":"#000000","sapUiFontMonospaceFamily":"Lucida Console","sapUiUx3ShellSideBarBaseWidth":"40px","sapUiUx3ShellPaneOverflowButtonHeight":"120px","sapUiUx3ExactLstCollapseWidth":"24px","sapUiUx3ExactLstHeaderHeight":"25px","sapUiNotificationBarBG_IE":"#000000","sapUiNotifierHoverColor":"#7a5100","sapUiNotificationText":"#ffffff","sapUiNotificationTimestamp":"#ababab","sapUiNotificationBarCalloutBorder":"#ffffff","sapUiNotificationBarCalloutBorder_IE":"#ffffff","sapUiNotificationBarCalloutArr":"#ffffff","sapUiNotificationBarHeight":"40px","sapUiNotificationBarHeightMinimized":"0px","sapUiNotificationBarHeightMaximized":"40%","sapUiNotifierWidth":"40px","sapUiRIIconPaddingXS":"1px","sapUiRIIconPaddingS":"0.125rem","sapUiRIIconPaddingM":"0.125rem","sapUiRIIconPaddingL":"0.25rem","sapUiUx3ToolPopupArrowWidth":"12px","sapUiUx3ToolPopupArrowHeight":"18px","sapUiUx3ToolPopupArrowRightMarginCorrectionInverted":"-7px","sapUiUx3TPPaddingBottom":"50px","sapUiButtonEmphasizedDisabledBorderColor":"#666666","sapUiButtonEmphasizedDisabledBackground":"#000000","sapUiButtonAcceptDisabledBorderColor":"#666666","sapUiButtonAcceptDisabledBackground":"#000000","sapUiButtonRejectDisabledBorderColor":"#666666","sapUiButtonRejectDisabledBackground":"#000000","sapUiPositiveBG":"#99cc99","sapUiShadowTint":"#000000","sapUiShadow":"5px 5px 10px rgba(0, 0, 0, 0.5)","sapUiThemeDesignerCustomCss":"false","sapUiMarginTiny":"0.5rem","sapUiMarginSmall":"1rem","sapUiMarginMedium":"2rem","sapUiMarginLarge":"3rem","sapUiEscapedEmptyString":"","sapVizChartBackgroundColor":"#000000","sapVizChartTooltipBackgroundColor":"#000000","sapVizChartBackgroundStroke":"#343434","sapVizChartPieSectorStroke":"#000000","sapVizChartHoverColor":"#cccccc","sapVizChartHoverline":"#cccccc","sapVizChartHoverShadow":"#484848","sapVizChartHoverShadowMouseDown":"#808080","sapVizChartInnerWhisker":"#000000","sapVizChartTitleColor":"#ffffff","sapVizChartLabelColor":"#ffffff","sapVizChartAxisColor":"#ffffff","sapVizChartAxisGridlineColor":"#343434","sapVizChartTooltipBorderStroke":"#ffffff","sapVizChartHiddenTitleColor":"#737373","sapHCStandardBG":"#000000","sapHCHighlightBG":"#7a5100","sapHCHighlightAltBG":"#0f5d94","sapHCReducedBG":"#585858","sapHCReducedAltBG":"#a2a39f","sapHCStandardFG":"#ffffff","sapHCEnhancedFG":"#03b803","sapHCReducedFG":"#666666","sapHCReducedAltFG":"#999999","sapHCNegative":"#ff5e5e","sapHCCritical":"#ffab1d","sapHCPositive":"#99cc99","sapHCNeutral":"#ffffff","sapUiContentMarkerTextColor":"#ffffff","sapHCShadowTint":"rgba(255, 255, 255, 0.8)","sapUiInfoTop":"false","sapUiHighlightColor":"#7a5100","sapUiActiveBG":"#0f5d94","sapUiMessageNotifierCountBG":"#0f5d94","sapUiDatePickerTableBackground":"#0f5d94","sapUiDatePickerTableBorderColor":"#0f5d94","sapUiDTICustomRows":"5","sapUiDTICustomPhoneRows":"3","sapUiDTICustomWidth":"64","sapUiDTICustomHeight":"48","sapUiDTICustomShowLabel":"false","sapUiDTICustomHeaderText":"true","sapUiDTICustomMode":"scroller","sapUiDTICustomDesktopMode":"mixed","sapUiDTICustomDisplay":"bubble","sapUiDTICustomPhoneDisplay":"modal","sapUiToolbarSeparatorBG":"#ffffff","sapUiToolbarSeparatorFooterBG":"#ffffff","sapUiSearchHighlight":"#7a5100","sapUiDarkestBorder":"#ffffff","sapUiExtraDarkBorder":"#ffffff","sapUiLightestBorder":"#ffffff","sapUiAccent1":"#ffffff","sapUiAccent2":"#ffffff","sapUiAccent3":"#ffffff","sapUiAccent4":"#ffffff","sapUiAccent5":"#ffffff","sapUiAccent6":"#ffffff","sapUiAccent7":"#ffffff","sapUiAccent8":"#ffffff","sapUiFooterBG":"#000000","sapUiHeaderBG":"#000000","sapUiLightestBG":"#000000","sapUiDarkestBG":"#000000","sapUiExtraDarkBG":"#000000","sapMeOverlapCalendarType00":"#585858","sapMeOverlapCalendarType01":"#66b366","sapMeOverlapCalendarType01Action":"#66b366","sapMeOverlapCalendarType04":"#bbddbb","sapMeOverlapCalendarType06":"#ffab1d","sapMeOverlapCalendarType07":"#ff9191","sapMeOverlapCalendarIndicator":"#ffffff","sapMeCalendarLegendIconCollapse":"collapse","sapMeCalendarLegendIconExpand":"expand"}