{
"version":"2.0",
"name":"sap.chart.library-preload",
"dependencies":["sap.ui.core.library-preload","sap.viz.library-preload"],
"modules":{
	"sap/chart/Chart.js":"/*!\n * SAP UI development toolkit for HTML5 (SAPUI5)\n\n(c) Copyright 2009-2016 SAP SE. All rights reserved\n */\nsap.ui.define(['sap/chart/library','sap/viz/ui5/controls/VizFrame','sap/viz/ui5/controls/common/BaseControl','sap/viz/ui5/data/Dataset','sap/viz/ui5/data/FlattenedDataset','sap/viz/ui5/data/DimensionDefinition','sap/viz/ui5/data/MeasureDefinition','sap/chart/data/Dimension','sap/chart/data/TimeDimension','sap/chart/data/Measure','sap/ui/model/analytics/ODataModelAdapter','sap/chart/utils/RoleFitter','sap/chart/utils/ChartUtils','sap/chart/utils/ChartTypeAdapterUtils','sap/chart/utils/DateFormatUtil','sap/chart/utils/DataSourceUtils','sap/viz/ui5/controls/common/feeds/FeedItem','sap/ui/model/Filter','sap/ui/model/FilterOperator','sap/ui/model/analytics/odata4analytics','sap/chart/TimeUnitType','sap/chart/pagination/PagingController'],function(l,V,B,D,F,a,M,b,T,c,O,R,C,f,g,h,q,r,t,u,w,P){'use strict';var S=sap.chart.SelectionMode;var x=B.extend('sap.chart.Chart',{metadata:{library:'sap.chart',properties:{chartType:{type:'string',defaultValue:'bar'},uiConfig:{type:'object',group:'Misc'},visibleDimensions:{type:'string[]',defaultValue:[]},inResultDimensions:{type:'string[]',defaultValue:[]},visibleMeasures:{type:'string[]',defaultValue:[]},vizProperties:{type:'object',group:'Misc'},vizScales:{type:'object[]',group:'Misc'},isAnalytical:{type:'boolean'},selectionBehavior:{type:'string',defaultValue:'DATAPOINT'},selectionMode:{type:'string',defaultValue:sap.chart.SelectionMode.Multi},enablePagination:{type:'boolean',defaultValue:false}},aggregations:{data:{type:'sap.ui.core.Element',multiple:true,bindable:'bindable'},_vizFrame:{type:'sap.viz.ui5.controls.VizFrame',multiple:false,visibility:'hidden'},dimensions:{type:'sap.chart.data.Dimension',multiple:true},measures:{type:'sap.chart.data.Measure',multiple:true}},events:{drilledDown:{parameters:{dimensions:{type:'string[]'}}},drilledUp:{parameters:{dimensions:{type:'string[]'}}},renderComplete:{},selectData:{},deselectData:{}}},renderer:function(o,d){o.write('<div');o.writeControlData(d);o.addStyle('width',d.getWidth());o.addStyle('height',d.getHeight());o.writeStyles();o.write('>');o.renderControl(d.getAggregation('_vizFrame'));o.write('</div>');}});x.getMetadata().getAggregation('data')._doesNotRequireFactory=true;function y(v){return v.indexOf('%')!==-1?'100%':v;}x.prototype.setHeight=function(v){this.setProperty('height',v);var o=this._getVizFrame();if(o){o.setHeight(y(this.getProperty('height')));}return this;};x.prototype.setWidth=function(v){this.setProperty('width',v);var o=this._getVizFrame();if(o){o.setWidth(y(this.getProperty('width')));}return this;};x.prototype.setChartType=function(s,d){this.setProperty('chartType',s,d);this._bIsPagingChartType=C.CONFIG.pagingChartTypes.indexOf(s)>-1;if(this._isEnablePaging()){this._getPagingController().init(false);}else{var o=this._getDataset();if(o){o.setPagingOption(null);o.setRange(-1,-1);}}this._invalidateBy({source:this,keys:{vizFrame:true}});this._bNeedToApplyDefaultProperties=true;return this;};x.prototype.removeDimension=function(d){if(this.getIsAnalytical()===false&&d&&d.getName()){var v=this._getVisibleDimensions()||[],i=v.indexOf(d.getName());if(i!==-1){jQuery.sap.log.error('Data source does not support aggregation. The method \"removeDimension\" therefore cannot be used!');return;}}var o=this.removeAggregation('dimensions',d);if(o){var v=this._getVisibleDimensions()||[],i=v.indexOf(o.getName());if(i!==-1){v.splice(i,1);this.setVisibleDimensions(v);}var e=this._getInResultFields()||[];i=e.indexOf(o.getName());if(i!==-1){e.splice(i,1);this.setInResultDimensions(e);}}return o;};x.prototype.removeAllDimensions=function(){var o;if(this.getIsAnalytical()===false){jQuery.sap.log.error('Data source does not support aggregation. The method \"removeAllDimensions\" therefore cannot be used!');}else{o=this.removeAllAggregation('dimensions');this.setVisibleDimensions([]);this.setInResultDimensions([]);}return o;};x.prototype.destroyDimensions=function(){var o;if(this.getIsAnalytical()===false){jQuery.sap.log.error('Data source does not support aggregation. The method \"destroyDimensions\" therefore cannot be used!');}else{o=this.destroyAggregation('dimensions');this.setVisibleDimensions([]);this.setInResultDimensions([]);}return o;};x.prototype.removeMeasure=function(m){var o=this.removeAggregation('measures',m);if(o){var v=this._getVisibleMeasures()||[],i=v.indexOf(o.getName());if(i!==-1){v.splice(i,1);this.setVisibleMeasures(v);}}return o;};x.prototype.removeAllMeasures=function(){var o=this.removeAllAggregation('measures');this.setVisibleMeasures([]);return o;};x.prototype.destroyMeasures=function(){var o=this.destroyAggregation('measures');this.setVisibleMeasures([]);return o;};x.prototype._getVisibleDimensions=function(n){var s=this._getDrillStateTop();var d=s?s.dimensions:this.getProperty('visibleDimensions');return n?this._normalizeDorM(d,true):d;};x.prototype.getVisibleDimensions=function(){var v=this._getVisibleDimensions();return this._aFeeds?v.filter(function(d){return this._aFeeds._unused.indexOf(d)===-1;},this):v;};x.prototype._getVisibleMeasures=function(n){var s=this._getDrillStateTop();var m=s?s.measures:this.getProperty('visibleMeasures');return n?this._normalizeDorM(m):m;};x.prototype.getVisibleMeasures=function(){var v=this._getVisibleMeasures();return this._aFeeds?v.filter(function(d){return this._aFeeds._unused.indexOf(d)===-1;},this):v;};x.prototype.setVisibleDimensions=function(v,s){var m=this._dimensionSanityCheck({visible:v});this.setProperty('visibleDimensions',v,s);this.setProperty('inResultDimensions',m.inResult,s);this._createDrillStack();this._invalidateBy({source:this,keys:{binding:true,dataSet:true,vizFrame:true}});return this;};x.prototype.setInResultDimensions=function(i,s){var m=this._dimensionSanityCheck({inResult:i});this.setProperty('inResultDimensions',i,s);this.setProperty('visibleDimensions',m.visible,s);this._createDrillStack();this._invalidateBy({source:this,keys:{binding:true,dataSet:true,vizFrame:true}});};x.prototype.setVisibleMeasures=function(m,s){this.setProperty('visibleMeasures',m,s);this._createDrillStack();this._invalidateBy({source:this,keys:{binding:true,dataSet:true,vizFrame:true}});return this;};x.prototype.setEnablePagination=function(e,s){if(!this._bIsInitialized){this.setProperty('enablePagination',e,s);this._invalidateBy({source:this,keys:{binding:true,dataSet:true,vizFrame:true,drillStack:true}});}return this;};x.prototype._dimensionSanityCheck=function(d){var v=d.visible||this.getVisibleDimensions()||[],i=d.inResult||this.getInResultDimensions()||[];var s=[].concat(v).concat(i).reduce(function(m,e){var j=v.indexOf(e)!==-1,k=i.indexOf(e)!==-1;if(j&&k){m.common[e]=true;}else if(j){m.visible[e]=true;}else if(k){m.inResult[e]=true;}return m;},{visible:{},inResult:{},common:{}});s.visible=Object.keys(s.visible);s.inResult=Object.keys(s.inResult);s.common=Object.keys(s.common);return s;};x.prototype._getInResultFields=function(){var d=this,i=this.getInResultDimensions(),m=this._normalizeDorM(this._getVisibleMeasures(),false),U=m.reduce(function(U,o){var e=o.getUnitBinding();if(e&&U.indexOf(e)===-1&&d.getDimensionByName(e)&&i.indexOf(e)===-1){return U.concat(e);}else{return U;}},[]);return i.concat(U);};x.prototype._prepareFeeds=function(){if(!this._aFeeds){var d=this._normalizeDorM(this._getVisibleDimensions(),true),m=this._normalizeDorM(this._getVisibleMeasures(),false),i=this._normalizeDorM(this._getInResultFields(),true);this._sAdapteredChartType=this.getEnablePagination()?this.getChartType():f.adaptChartType(this.getChartType(),d);this._aFeeds=R.fit(this._sAdapteredChartType,d,m,i,'color',this._mDataTypes);if((!this._aFeeds._valid||this._aFeeds._unused.length)&&this._sAdapteredChartType!==this.getChartType()){this._sAdapteredChartType=this.getChartType();this._aFeeds=R.fit(this._sAdapteredChartType,d,m,i,'color',this._mDataTypes);}if(this._sAdapteredChartType!==this.getChartType()){this._bNeedToApplyDefaultProperties=true;}}return this._aFeeds;};x.prototype._normalizeDorM=function(m,i){var d=i?this.getDimensions():this.getMeasures(),L=d.reduce(function(j,k){j[k.getName()]=k;return j;},{}),e=i?b:c;var o=m.reduce(function(o,N){var s;if(typeof N==='string'){s=N;}else if(N instanceof e){s=N.getName();}else{o.errors.push(N);}if(L[s]){o.normalized.push(L[s]);}else{o.errors.push(N);}return o;},{normalized:[],errors:[]});var n=o.normalized;if(o.errors.length>0){n.errors=o.errors;}return n;};x.prototype._redundantsFromSelection=function(){var s=this._getVizFrame().vizSelection();if(!s||s.length===0){return{measureNames:{}};}var m=s.reduce(function(e,o){jQuery.each(o.data,function(k,v){if(!e[k]){e[k]=[];}if(e[k].indexOf(v)===-1){e[k].push(v);}});return e;},{});var d=this._getVisibleDimensions().reduce(function(e,i){var v=m[i];if(v.length===1){e[i]=v[0];}return e;},{});d.measureNames=this._getVisibleMeasures().reduce(function(e,i){if(!m[i]){e[i]=true;}return e;},{});return d;};x.prototype._deriveFilterFromSelection=function(){var v=this._getVisibleDimensions();var d=this;var e=this._getVizFrame().vizSelection().map(function(s){var o=v.reduce(function(j,k){var m=d.getDimensionByName(k);var n;n=s.data[k];if(C.CONFIG.timeChartTypes.indexOf(d._sAdapteredChartType)>-1&&m instanceof T){var p=g.getInstance(m.getTimeUnit());if(p){var K=p.format.bind(p);n=K(new Date(s.data[k]));}}j.filters.push(new r({path:k,operator:t.EQ,value1:n}));j.signature.push(k+'='+s.data[k]);return j;},{filters:[],signature:[]});o.signature=o.signature.join(';');return o;});var U=e.reduce(function(m,o){if(!m[o.signature]&&o.filters.length>0){m[o.signature]=new r(o.filters,true);}return m;},{});var i=Object.keys(U).map(function(k){return U[k];});if(i.length>1){return new sap.ui.model.Filter(i,false);}else if(i.length===1){return i[0];}else{return null;}};x.prototype._checkDrilldownValid=function(i){var v=this._getVisibleDimensions().concat(this._getInResultFields()).reduce(function(e,j){e[j]=true;return e;},{});if(i.some(function(o){return v[o.getName()];})){jQuery.sap.log.error('Drill down not possible, because one of the given dimensions is already drilled down!');return false;}var m=i.reduce(function(o,e){o[e.getName()]=e;return o;},{});function d(o){if(jQuery.isArray(o.aFilters)){return o.aFilters.some(d);}else{return!!m[o.sPath];}}var s=this._getDrillStateTop();if(s&&s.filter&&d(s.filter)){jQuery.sap.log.error('Drill down not possible, because one of the given dimensions is already filtered!');return false;}return true;};x.prototype._createDrillStack=function(){var v=this.getProperty('visibleDimensions')||[],d=this.getProperty('visibleMeasures')||[],s=[{dimensions:[],measures:d,filter:undefined}],e=[];for(var i=0;i<v.length;i++){e.push(v[i]);s.push({dimensions:e.slice(),measures:d,filter:undefined});}this._drillStateStack=s;};x.prototype._invalidateBy=function(o){var s=o.source;if(s===this){jQuery.each(o.keys||{},function(k,v){this._markForUpdate(k,v);}.bind(this));}else if(s instanceof c&&this._getVisibleMeasures().indexOf(s.getName())!==-1){this._markForUpdate('dataSet',true);this._markForUpdate('vizFrame',true);if(o.property==='unitBinding'){this._markForUpdate('binding',true);}}else if(s instanceof b&&this._getVisibleDimensions().indexOf(s.getName())!==-1){this._markForUpdate('dataSet',true);this._markForUpdate('vizFrame',true);if(s.getDisplayText()&&(o.property==='textProperty'||o.property==='displayText')){this._markForUpdate('binding',true);}}this.invalidate(o);};x.prototype._handleNonAnalyticalFeeding=function(){var d=this;var i=this.getInResultDimensions();var v=this._getVisibleDimensions(),e=this.getDimensions().map(function(o){return o.getName();});var j=[];e.forEach(function(m){if(d.getDimensionByName(m)){var n=d.getDimensionByName(m).getTextProperty();if(n){j.push(n);}}});var k=v.concat(e.filter(function(m){return(v.indexOf(m)<0);})).filter(function(m){return(j.indexOf(m)<0)&&(i.indexOf(m)<0);});this.setProperty('visibleDimensions',k);this._createDrillStack();};x.prototype._markForUpdate=function(k,n){if(!this._mNeedToUpdate){this._mNeedToUpdate={};}this._mNeedToUpdate[k]=n;var o=this._updaters.onInvalidate[k];if(o){o.call(this);}};x.prototype._updaters=(function(){return{onInvalidate:{vizFrame:function(){this._aFeeds=null;}},drillStack:function(){this._createDrillStack();},dataSet:function(){this._getDataset().invalidate();},binding:function(){var o=this._getDataset().getBinding('data'),i=this._getInResultFields();if(!o){return;}var d=this._getVisibleDimensions(true).concat(this._normalizeDorM(i,true));var m=this._getVisibleMeasures(true);h.updateModel(this.getIsAnalytical())(this,d,m);var s=this._getDrillStateTop();if(d.length>0||m.length>0){this._getVizFrame()._readyToRender(false);this.setBusy(true);}o.filter((s&&s.filter)?s.filter:undefined);},vizFrame:function(){var d=this,o=this._getDataset(),v=this._getVizFrame(),m=this._isEnablePaging()?this._getPagingController().getMeasureRange():{};if(this._mNeedToUpdate['binding']){if(this._isEnablePaging()){this._getPagingController().reset();}else{o.setPagingOption(null);}}o.removeAllAggregation('dimensions',true);o.removeAllAggregation('measures',true);v.removeAllAggregation('feeds',true);if(this.getIsAnalytical()===false){this._handleNonAnalyticalFeeding();}var e=this._prepareFeeds();e._def.dim.forEach(function(i){o.addAggregation('dimensions',i,true);},this);e._def.msr.forEach(function(i){if(i){var j=m[i.getIdentity()];if(j){i.setRange([j.min,j.max]);}if(!d.getDimensionByName(i.getUnit())){i.setUnit(null);}o.addAggregation('measures',i,true);}},this);e.forEach(function(i){v.addFeed(i);});o.setContext((e._context||[]).map(function(i){return{id:i,showInTooltip:true};}));v.invalidate();o.invalidate();v.setVizType(this._sAdapteredChartType);v.setVizProperties(this._getEffectiveProperties());}};})();x.prototype._getDrillStateTop=function(){return this._drillStateStack?this._drillStateStack[this._drillStateStack.length-1]:null;};x.prototype._getVizFrame=function(){return this.getAggregation('_vizFrame');};x.prototype._getDataset=function(){var v=this._getVizFrame();return v?v.getDataset():null;};x.prototype._bindingChangeListener=function(){var v=this._getVizFrame();v.invalidate();v.setVizProperties(this._getEffectiveProperties());this.setBusy(false);if(this._isEnablePaging()){this._getPagingController().bindingChanged();}else{v._readyToRender(true);}};x.prototype.addData=function(){jQuery.sap.log.error('Chart manages the \"data\" aggregation only via data binding. The method \"addData\" therefore cannot be used programmatically!');};x.prototype.destroyData=function(){jQuery.sap.log.error('Chart manages the \"data\" aggregation only via data binding. The method \"destroyData\" therefore cannot be used programmatically!');};x.prototype.getData=function(){jQuery.sap.log.error('Chart manages the \"data\" aggregation only via data binding. The method \"getData\" therefore cannot be used programmatically!');};x.prototype.indexOfData=function(){jQuery.sap.log.error('Chart manages the \"data\" aggregation only via data binding. The method \"indexOfData\" therefore cannot be used programmatically!');};x.prototype.insertData=function(){jQuery.sap.log.error('Chart manages the \"data\" aggregation only via data binding. The method \"insertData\" therefore cannot be used programmatically!');};x.prototype.removeData=function(){jQuery.sap.log.error('Chart manages the \"data\" aggregation only via data binding. The method \"removeData\" therefore cannot be used programmatically!');};x.prototype.removeAllData=function(){jQuery.sap.log.error('Chart manages the \"data\" aggregation only via data binding. The method \"removeAllData\" therefore cannot be used programmatically!');};x.prototype._createOData4SAPAnalyticsModel=function(m){var o=null;try{o=new u.Model(new u.Model.ReferenceByModel(m));}catch(e){return undefined;}return o;};x.prototype.getIsAnalytical=function(){return this.getProperty('isAnalytical');};x.prototype.setIsAnalytical=function(v,s){if(this._bIsInitialized){jQuery.sap.log.error('The proeprty isAnalytical will programmatically set according to data source. The method \"setIsAnalytical\" therefore cannot be used!');}else{this.setProperty('isAnalytical',v,s);}};x.prototype._setIsAnalyticalProperty=function(o,d){var v=o.findQueryResultByName(h.getEntitySet(this.getIsAnalytical())(d))!==undefined;if(this.getIsAnalytical()!==v){this.setProperty('isAnalytical',v);}};x.prototype.bindAggregation=function(n,o){if(n==='data'){this._oBindingInfo=jQuery.extend(true,{},o);var m=this.getModel(o.model);var d;if(m){if(m instanceof sap.ui.model.json.JSONModel){if(this.getIsAnalytical()!==false){this.setProperty('isAnalytical',false);}else if(this.getEnablePagination()!==false){this.setProperty('enablePagination',false);}}else{d=this._createOData4SAPAnalyticsModel(m);this._setIsAnalyticalProperty(d,o);}if(this.getIsAnalytical()){if(o){var N=true;if(o.length!=undefined||this._isEnablePaging()){N=false;}o.parameters=jQuery.extend(true,{},{analyticalInfo:[{name:''}],useBatchRequests:true,provideGrandTotals:false,provideTotalsResultSize:false,autoexpand:false,reloadSingleUnitMeasures:true,noPaging:N},o.parameters);}O.apply(m);if(d){m.setAnalyticalExtensions(d);}}}}return B.prototype.bindAggregation.apply(this,arguments);};x.prototype._bindAggregation=function(n,o){if(n==='data'){var m=this.getModel(o.model);if(m){if(m instanceof sap.ui.model.json.JSONModel){if(this.getIsAnalytical()!==false){this.setProperty('isAnalytical',false);}else if(this.getEnablePagination()!==false){this.setProperty('enablePagination',false);}}else{var d=this._createOData4SAPAnalyticsModel(m);this._setIsAnalyticalProperty(d,o);}if(this.getIsAnalytical()){if(o){var N=true;if(o.length!=undefined||this._isEnablePaging()){N=false;}o.parameters=jQuery.extend(true,{},{analyticalInfo:[{name:''}],useBatchRequests:true,provideGrandTotals:false,provideTotalsResultSize:false,autoexpand:false,reloadSingleUnitMeasures:true,noPaging:N},o.parameters);}O.apply(m);if(d){m.setAnalyticalExtensions(d);}}this._deriveColumns(m,o);}this._getDataset().bindAggregation('data',o);this._invalidateBy({source:this,keys:{binding:true,vizFrame:true}});}else{B.prototype._bindAggregation.apply(this,arguments);}};x.prototype.unbindAggregation=function(n,s){if(n==='data'){var d=this._getDataset();if(d){d.unbindAggregation.apply(d,arguments);}s=true;}return B.prototype.unbindAggregation.apply(this,[n,s]);};x.prototype.unbindData=function(){if(!this.getIsAnalytical()){this.removeAllAggregation('dimensions');this.removeAllAggregation('measures');this.setProperty('visibleDimensions',[]);this.setProperty('inResultDimensions',[]);this.setProperty('visibleMeasures',[]);this._createDrillStack();}this.unbindAggregation('data');};x.prototype._deriveColumns=function(m,o){var d=this.getAggregation('dimensions');var e=this.getAggregation('measures');if((d===null||d.length===0)&&(e===null||e.length===0)){var i=h.deriveColumns(this.getIsAnalytical())(m,o);i.dimensions.forEach(this.addDimension.bind(this));i.measures.forEach(this.addMeasure.bind(this));}};x.prototype.onBeforeRendering=function(){B.prototype.onBeforeRendering.apply(this,arguments);var o=['onInvalidate','drillStack','dataSet','vizFrame','checkBinding','binding','loopData'];o.forEach(function(k){if(this._mNeedToUpdate[k]){this._updaters[k].call(this);}}.bind(this));jQuery.each(this._mNeedToUpdate,function(k){this._mNeedToUpdate[k]=false;}.bind(this));};x.prototype.onAfterRendering=function(){this._showLoading(this._bLoading);};x.prototype.exit=function(){this._getDataset().unbindAggregation('data',true);B.prototype.exit.apply(this,arguments);var v=this._getVizFrame();if(this._delegateEventHandlers){this._delegateEventHandlers.forEach(function(o){v['detach'+o.name](o.handler,this);delete o.handler;},this);delete this._delegateEventHandlers;}v.detachRenderComplete(this._vizFrameRenderCompleteHandler,this);};x.prototype.applySettings=function(){sap.ui.core.Control.prototype.applySettings.apply(this,arguments);var d=new F();d.attachEvent('dataChange',{},this._bindingChangeListener,this);var e=jQuery.extend(true,{},{'applicationSet':'fiori'},this.getUiConfig());this.setUiConfig(e);this._bNeedToApplyDefaultProperties=true;var v=new V({width:y(this.getWidth()),height:y(this.getHeight()),vizType:this.getChartType(),uiConfig:this.getUiConfig(),vizProperties:jQuery.extend(true,{'title':{'visible':false}},this._getEffectiveProperties())});v.setDataset(d);v.attachRenderComplete(null,this._updateLoadingIndicator.bind(this));this._rendered=false;v.attachEventOnce('renderComplete',function(){this._rendered=true;},this);v._readyToRender(false);this.setAggregation('_vizFrame',v);this._delegateEvents();this._sAdapteredChartType=this.getChartType();this._bIsInitialized=true;this._mNeedToUpdate={};if(this._isEnablePaging()){this._getPagingController();}};x.prototype.resetLayout=function(){this._invalidateBy({source:this,keys:{binding:true,vizFrame:true,drillStack:true,dataSet:true}});return this;};var _=(function(){function m(k){return k.reduce(function(L,K){L[K]=true;return L;},{});}function d(v,k){var o=m(v);function p(s){return k.reduce(function(K,L){if(s.hasOwnProperty(L)){K[L]=s[L];}return K;},{});}return function(s,K){return s.filter(function(L){return o[L];}).map(function(L){var N=p(K);N[L]='*';return{data:N};});};}function e(v,k){var o=m(v);return function(p){return{index:p._context_row_number,measures:Object.keys(p).filter(function(s){return o[s];})};};}function i(o){var p={data:{}},s=o.measures,K=o.dimensions;if(s){p.data.measureNames=(s instanceof Array)?{'in':s}:s;}jQuery.each(K||{},function(k,v){p.data[k]=(v instanceof Array)?{'in':v}:v;});return p;}function j(o){var p=o.data;return Object.keys(p).reduce(function(s,k){var v=p[k];if(v.in&&v.in instanceof Array){v=v.in;}if(k==='measureNames'){s.measures=v;}else if(!s.dimensions){s.dimensions={};s.dimensions[k]=v;}else{s.dimensions[k]=v;}return s;},{});}function n(v,k,o,p){var s=d(v,k);return p.reduce(function(K,L){var N=o.getContexts(L.index,1);if(N.length>0){K=K.concat(s(L.measures,N[0].getObject()));}return K;},[]);}return{makeLookUp:m,toVizCtx:d,fromVizCtx:e,toVizCSCtx:i,fromVizCSCtx:j,buildSelectionVizCtx:n,match:function(o,v,p){return Object.keys(o).every(function(k){if(p.indexOf(k)!==-1){return v.hasOwnProperty(k);}else{return o[k]===v[k];}});}};})();x.prototype.setSelectedDataPoints=function(d){if(this.getSelectionMode()!==S.None){var o=this.getBinding('data'),v=this._getVizFrame();if(!o||!v||this.getSelectionBehavior().toUpperCase()!=='DATAPOINT'){return this;}v.vizSelection([],{clearSelection:true});var m=this._getVisibleMeasures(),e=this._getVisibleDimensions().concat(this._getInResultFields());v.vizSelection(_.buildSelectionVizCtx(m,e,o,d),{selectionMode:this.getSelectionMode()});}return this;};x.prototype.addSelectedDataPoints=function(d){if(this.getSelectionMode()!==S.None){var o=this.getBinding('data'),v=this._getVizFrame();if(!o||!v||this.getSelectionBehavior().toUpperCase()!=='DATAPOINT'){return this;}v.vizSelection(_.buildSelectionVizCtx(this._getVisibleMeasures(),this._getVisibleDimensions(),o,d),{selectionMode:S.Multi});}return this;};x.prototype.getSelectedDataPoints=function(){var v=this._getVizFrame();if(!v||this.getSelectionBehavior().toUpperCase()!=='DATAPOINT'){return{count:0,dataPoints:[]};}var d=_.fromVizCtx(this._getVisibleMeasures(),this._getVisibleDimensions());var s=v.vizSelection(),m=s.map(function(n){return n.data;}).map(d).reduce(function(e,i){var j=i.index;e[j]=jQuery.extend(true,e[j]||{},_.makeLookUp(i.measures));return e;},{});var o=this._getDataset();return{count:s.length,dataPoints:Object.keys(m).map(function(i){var e=parseInt(i,10);return{index:e,measures:Object.keys(m[i]),context:o.findContext({'_context_row_number':e})};})};};x.prototype.removeSelectedDataPoints=function(d){if(this.getSelectionMode()!==S.None){var o=this.getBinding('data'),v=this._getVizFrame();if(!v||this.getSelectionBehavior().toUpperCase()!=='DATAPOINT'){return this;}var e=this._getVisibleMeasures();var i=this._getVisibleDimensions();var j=_.buildSelectionVizCtx(e,i,o,d);v.vizSelection(j,{deselection:true});}return this;};x.prototype.setSelectedCategories=function(d){if(this.getSelectionMode()!==S.None){var v=this._getVizFrame(),s=this.getSelectionBehavior().toUpperCase();if(!v||s!=='CATEGORY'){return this;}v.vizSelection([],{clearSelection:true});v.vizSelection(d.map(_.toVizCSCtx),{selectionMode:this.getSelectionMode()});}return this;};x.prototype.addSelectedCategories=function(d){if(this.getSelectionMode()!==S.None){var v=this._getVizFrame(),s=this.getSelectionBehavior().toUpperCase();if(!v||s!=='CATEGORY'){return this;}v.vizSelection(d.map(_.toVizCSCtx),{selectionMode:S.Multi});}return this;};x.prototype.removeSelectedCategories=function(d){if(this.getSelectionMode()!==S.None){var v=this._getVizFrame(),s=this.getSelectionBehavior().toUpperCase();if(!v||s!=='CATEGORY'){return this;}v.vizSelection(d.map(_.toVizCSCtx),{deselection:true});}return this;};x.prototype.getSelectedCategories=function(){var v=this._getVizFrame(),s=this.getSelectionBehavior().toUpperCase();if(!v||s!=='CATEGORY'){return{count:0,categories:[]};}else{var d=v.vizSelection();return{count:d.length,categories:(d.category||[]).map(_.fromVizCSCtx)};}};x.prototype.setSelectedSeries=function(s){if(this.getSelectionMode()!==S.None){var v=this._getVizFrame(),d=this.getSelectionBehavior().toUpperCase();if(!v||d!=='SERIES'){return this;}v.vizSelection([],{clearSelection:true});v.vizSelection(s.map(_.toVizCSCtx),{selectionMode:this.getSelectionMode()});}return this;};x.prototype.addSelectedSeries=function(s){if(this.getSelectionMode()!==S.None){var v=this._getVizFrame(),d=this.getSelectionBehavior().toUpperCase();if(!v||d!=='SERIES'){return this;}v.vizSelection(s.map(_.toVizCSCtx),{selectionMode:S.Multi});}return this;};x.prototype.removeSelectedSeries=function(s){if(this.getSelectionMode()!==S.None){var v=this._getVizFrame(),d=this.getSelectionBehavior().toUpperCase();if(!v||d!=='SERIES'){return this;}v.vizSelection(s.map(_.toVizCSCtx),{deselection:true});}return this;};x.prototype.getSelectedSeries=function(){var v=this._getVizFrame(),s=this.getSelectionBehavior().toUpperCase();if(!v||s!=='SERIES'){return{count:0,series:[]};}else{var d=v.vizSelection();return{count:d.length,series:(d.series||[]).map(_.fromVizCSCtx)};}};x.prototype.drillDown=function(d){if(this.getIsAnalytical()===false){jQuery.sap.log.error('Data source does not support drillDown/drillUp. The method \"drillDown\" therefore cannot be used!');return;}if(d&&!(d instanceof Array)){d=[d];}var e=this._normalizeDorM(d,true);if(e.length===0){return;}if(!this._checkDrilldownValid(e)){jQuery.sap.log.warning('Drill down not possible for '+e+'. Already drilled down.');return;}var s=this._getDrillStateTop(),m=this._redundantsFromSelection(),o=this._deriveFilterFromSelection();var n;if(o){n=!(s&&s.filter)?o:new r([o,s.filter],true);}this._drillStateStack.push({dimensions:s.dimensions.slice().concat(e.map(function(j){return j.getName();})).filter(function(j){return!m[j];}),measures:s.measures.filter(function(j){return!m.measureNames[j];}),filter:n,redundant:m});var i=e.map(function(j){return j.getName();});this.fireDrilledDown({dimensions:i});this._invalidateBy({source:this,keys:{binding:true,vizFrame:true}});};x.prototype.drillUp=function(i){if(this.getIsAnalytical()===false){jQuery.sap.log.error('Data source does not support drillDown/drillUp. The method \"drillUp\" therefore cannot be used!');return;}if(arguments.length===0){i=this._drillStateStack.length-2;}var n=this._drillStateStack[i];if(n&&i!=this._drillStateStack.length-1){var p=this._drillStateStack.pop();this._drillStateStack.splice(i+1);this.fireDrilledUp({dimensions:p.dimensions.filter(function(d){return n.dimensions.indexOf(d)===-1;})});this._invalidateBy({source:this,keys:{binding:true,vizFrame:true}});}};x.prototype.getDrillStack=function(){if(this.getIsAnalytical()===false){jQuery.sap.log.error('Data source does not support drillDown/drillUp. The method \"getDrillStack\" therefore cannot be used!');return;}return jQuery.map(this._drillStateStack||[],function(s,i){return{dimension:s.dimensions.slice(),measure:s.measures.slice(),filter:s.filter};});};x.prototype.setUiConfig=function(U){this.setProperty('uiConfig',U);if(this._getVizFrame()){this._getVizFrame().setUiConfig(U);}};var z=(function(){var d=['interaction.selectability.mode','interaction.selectability.behavior'];function e(o,p){var i=o,v;v=p.reduce(function(k,m){if(i.hasOwnProperty(m)){k.push({parent:i,val:i[m],key:m});i=i[m];}return k;},[]);if(v.length!==p.length){return;}var j=v.pop();delete j.parent[j.key];while(v.length>0){j=v.pop();if(Object.keys(j.val).length>0){return;}else{delete j.parent[j.key];}}}function s(v,i){var o=jQuery.extend(true,{},v);d.forEach(function(p){delete o[p];e(o,p.split('.'));});return o;}return{sanitize:s,modify:function(p,k,i){var j=k.split('.'),n=p;while(j.length>1&&n.hasOwnProperty(j[0])){n=n[j.shift()];}var m=j[0];if(j.length===1&&n.hasOwnProperty(m)){n[m]=i(n[m]);}}};})();x.prototype.setVizProperties=function(v){v=z.sanitize(v);this.setProperty('vizProperties',v);if(this._getVizFrame()){this._getVizFrame().setVizProperties(this._getEffectiveProperties());}};x.prototype.getVizProperties=function(){var o=this._getVizFrame();var d=z.sanitize(o?o.getVizProperties():this.getProperty('vizProperties'));function s(e){var i=sap.viz.api.env.Format.numericFormatter();if(!i||jQuery.type(i.stripUnit)!=='function'){return e;}if(jQuery.type(e)==='string'){return i.stripUnit(e);}else if(jQuery.type(e)==='object'){jQuery.each(e,function(k,v){e[k]=i.stripUnit(v);});return e;}else{return e;}}z.modify(d,'plotArea.dataLabel.formatString',s);z.modify(d,'tooltip.formatString',s);return d;};x.prototype.setVizScales=function(v){this.setProperty('vizScales',v);if(this._getVizFrame()){this._getVizFrame().setVizScales(v);}};x.prototype.getVizScales=function(){var v=this._getVizFrame();return v?v.getVizScales():this.getProperty('vizScales');};x.prototype.getVizUid=function(){return this._getVizFrame().getVizUid();};x.prototype.zoom=function(o){this._getVizFrame().zoom(o);};var A=['selectData','deselectData'];x.prototype._delegateEvents=function(){if(this._delegateEventHandlers){return;}var v=this._getVizFrame();this._delegateEventHandlers=A.map(function(e){var n=e.charAt(0).toUpperCase()+e.slice(1);var d=function(o){var p=o.getParameters();delete p.id;this.fireEvent(e,p);};d=d.bind(this);v['attach'+n](null,d);return{name:n,handler:d};},this);this._vizFrameRenderCompleteHandler=J.bind(this);v.attachRenderComplete(null,this._vizFrameRenderCompleteHandler);v.attachEvent('_scroll',I.bind(this));};x.getChartTypes=sap.chart.api.getChartTypes;x.prototype.getAvailableChartTypes=function(){var d=this._getVisibleDimensions(true),m=this._getVisibleMeasures(true);return C.CONFIG.chartTypes.reduce(function(o,s){var e=R.compatible(s,d,m);if(e.compatible){o.available.push({chart:s});}else{var i={};if(e.error.missing.dim){i.Dimension=e.error.missing.dim;}if(e.error.missing.time){i.DateTimeDimension=e.error.missing.time;}if(e.error.missing.msr){i.Measure=e.error.missing.msr;}o.unavailable.push({chart:s,error:i});}return o;},{available:[],unavailable:[]});};x.prototype._getEffectiveProperties=function(){var d=this.getBinding('data');var v={};if(this._bNeedToApplyDefaultProperties){v=jQuery.extend(true,v,this._getDefaultVizProperties());this._bNeedToApplyDefaultProperties=false;}v=jQuery.extend(true,v,this.getProperty('vizProperties'),this._getHostedVizProperties(),this._getPagingVizProperties());var e=function(o){if((typeof(o)==='undefined')||(o===null)){return false;}return true;};if((d!==undefined)&&v.plotArea&&v.plotArea.dataPointStyle&&v.plotArea.dataPointStyle.rules){var k=d instanceof sap.ui.model.analytics.AnalyticalBinding?d.getTotalSize():d.getLength();var m=d.getContexts(0,k);if(k>0&&!m.hasOwnProperty('dataRequested')){var n=this.getVisibleDimensions(),p=v.plotArea.dataPointStyle.rules;for(var i=0;i<p.length;i++){var s=p[i].dataContext;if(s&&s.length!==0){var K=Object.keys(s);if(!e(p[i].displayName)&&K.length===1){var L=K[0];if(s[L].hasOwnProperty('equal')&&n.indexOf(L)!==-1){var N=this.getDimensionByName(L).getTextProperty();for(var j=0;j<k;j++){if(m[j].getProperty(L)===s[L].equal){var Q=m[j].getProperty(N);if(!e(N)||!e(Q)||typeof(Q)==='object'||this.getDimensionByName(L).getDisplayText()===false){p[i].displayName=s[L].equal;break;}else{p[i].displayName=Q;break;}}}}}}}}}return v;};x.prototype._hostedVizProperties={selectionMode:{prop:'interaction.selectability.mode'},selectionBehavior:{prop:'interaction.selectability.behavior'}};x.prototype._getHostedVizProperties=function(){return Object.keys(this._hostedVizProperties).reduce(function(o,p){var s=this._hostedVizProperties[p].prop.split('.').reverse().reduce(function(o,d){var e={};e[d]=o;return e;},this.getProperty(p));return jQuery.extend(true,o,s);}.bind(this),{});};var E='__UI5__ShortIntegerMaxFraction10';var G='__UI5__FloatMaxFraction2';var H='__UI5__ShortIntegerMaxFraction2';x.prototype._getDefaultVizProperties=function(){var d='info/'+(this._sAdapteredChartType||this.getChartType());var i=(d.indexOf('info/100_')===0);var j=(d==='info/pie'||d==='info/donut');var o={interaction:{extraEventInfo:true}};return jQuery.extend(true,o,m({},d,['valueAxis.label.formatString','valueAxis2.label.formatString'],i?'':E),m({},d,['legend.formatString','sizeLegend.formatString'],H),m({},d,['plotArea.dataLabel.formatString'],j?'':H),m({},d,['tooltip.formatString'],i?'':G));function s(e,n,v){if(n.length===0){return v;}e=e||{};var p=e[n[0]];e[n[0]]=s(p,n.slice(1),v);return e;}function k(p,n){if(p==null||n.legnth===0){return p;}var e=p[n[0]];if(e&&e.children){return k(e.children,n.slice(1));}return e;}function m(e,n,v,K){var L=sap.viz.api.metadata.Viz.get(n);if(L){var N=L.properties;v.forEach(function(Q){Q=Q.split('.');var p=k(N,Q);if(p&&p.hasOwnProperty('defaultValue')){s(e,Q,K);}});}return e;}};x.prototype._getPagingVizProperties=function(){if(this._isEnablePaging()){var p={interaction:{zoom:{enablement:false},selectability:{mode:'NONE'}},plotArea:{isFixedDataPointSize:true}};return p;}else{return{};}};x.prototype.setSelectionMode=C.hostVizPropertySetter('selectionMode','interaction.selectability.mode',{convert:function(s){return s?s.toUpperCase():s;},validate:function(s){return[S.Multi,S.Single,S.None].indexOf(s)!==-1&&!this.getEnablePagination();}});x.prototype.getSelectionMode=C.hostVizPropertyGetter('selectionMode','interaction.selectability.mode');x.prototype.setSelectionBehavior=C.hostVizPropertySetter('selectionBehavior','interaction.selectability.behavior',{convert:function(s){return s?s.toUpperCase():s;},validate:function(s){return['DATAPOINT','CATEGORY','SERIES'].indexOf(s)!==-1;}});x.prototype.getSelectionBehavior=C.hostVizPropertyGetter('selectionBehavior','interaction.selectability.behavior');x.prototype.getDimensionByName=function(n){return this.getDimensions().filter(function(d){return d.getName()===n;})[0];};x.prototype.getMeasureByName=function(n){return this.getMeasures().filter(function(m){return m.getName()===n;})[0];};x.prototype.getTimeDimensions=function(){return this.getDimensions().filter(function(d){return d instanceof T;});};function I(e){if(this._isEnablePaging()&&this._bNeedPaging){var d=e.getParameters().position;this._updatePage(d);}}x.prototype._isEnablePaging=function(){this._bMobile=sap.ui.Device.system.tablet||sap.ui.Device.system.phone;var d=this.getEnablePagination()&&this._bIsPagingChartType&&!this._bMobile;return d;};function J(e){var p=e.getParameters();delete p.id;if(this._isEnablePaging()){this._getPagingController().vizFrameRenderCompleted();}this.fireEvent('renderComplete',p);}x.prototype._showLoading=function(L){var $=this.$();if(!$){return;}if(!L){if(this._$loadingIndicator){this._$loadingIndicator.remove();}}else{if(!this._$loadingIndicator){this._$loadingIndicator=this._createLoadingIndicator();}this._updateLoadingIndicator();$.append(this._$loadingIndicator);}this._bLoading=L;};x.prototype._createLoadingIndicator=function(){var $=jQuery(sap.ui.core.BusyIndicatorUtils.getElement());var d=jQuery('<p>').attr('class','loading-text').text('Loading');d.css({'position':'absolute','transform':'translateY(-3em)','width':'100%','text-align':'center'});d.insertBefore($.children()[0]);$.css({opacity:1});return $;};x.prototype._updateLoadingIndicator=function(){var $=this.$();if(!$||!this._$loadingIndicator){return;}var s=this._sAdapteredChartType,d=s==='bar'||s.indexOf('horizontal')!==-1;var e=$.find('.v-plot-bound'),o=$.offset(),p={top:o.top,left:o.left,width:$.width(),height:$.height()};if(e.length){var i=e.offset(),j=e[0].getBoundingClientRect();p.top=i.top-1;p.left=i.left;p.width=j.width+1;if(d){p.height=Math.ceil(j.height+1);}else{p.height=Math.floor(j.height+1);}}this._$loadingIndicator.css(p);var k=this._$loadingIndicator.find('.loading-text');k.css({'top':p.height/2,'font-weight':sap.ui.core.theming.Parameters.get('sapUiChartTitleFontWeight'),'font-size':sap.ui.core.theming.Parameters.get('sapUiChartMainTitleFontSize'),'color':sap.ui.core.theming.Parameters.get('sapUiChartMainTitleFontSize')});this._$loadingIndicator.css({'background-color':sap.ui.core.theming.Parameters.get('sapUiExtraLightBG')});};x.prototype._getRequiredDimensions=function(){var v=this._getVisibleDimensions(),i=this._getInResultFields();return this._normalizeDorM(v.concat(i),true);};x.prototype._getRequiredMeasures=function(){return this._getVisibleMeasures(true);};x.prototype.exportToSVGString=function(o){var s=\"<svg xmlns=\\\"http://www.w3.org/2000/svg\\\" width=\\\"100%\\\" height=\\\"100%\\\"/>\",v=this._getVizFrame();if(v){s=v.exportToSVGString(o);}return s;};x.prototype._getPagingController=function(){if(!this._pagingController){this._pagingController=new P(this);}return this._pagingController;};return x;});\n",
	"sap/chart/ChartType.js":"/*!\n * SAP UI development toolkit for HTML5 (SAPUI5)\n\n(c) Copyright 2009-2016 SAP SE. All rights reserved\n */\nsap.ui.define(function(){'use strict';var C={Bar:'bar',Column:'column',Line:'line',Combination:'combination',Pie:'pie',Donut:'donut',Scatter:'scatter',Bubble:'bubble',Heatmap:'heatmap',Bullet:'bullet',VerticalBullet:'vertical_bullet',StackedBar:'stacked_bar',StackedColumn:'stacked_column',StackedCombination:'stacked_combination',HorizontalStackedCombination:'horizontal_stacked_combination',DualBar:'dual_bar',DualColumn:'dual_column',DualLine:'dual_line',DualStackedBar:'dual_stacked_bar',DualStackedColumn:'dual_stacked_column',DualCombination:'dual_combination',DualHorizontalCombination:'dual_horizontal_combination',DualStackedCombination:'dual_stacked_combination',DualHorizontalStackedCombination:'dual_horizontal_stacked_combination',PercentageStackedBar:'100_stacked_bar',PercentageStackedColumn:'100_stacked_column',PercentageDualStackedBar:'100_dual_stacked_bar',PercentageDualStackedColumn:'100_dual_stacked_column',Waterfall:'waterfall',HorizontalWaterfall:'horizontal_waterfall'};return C;},true);\n",
	"sap/chart/TimeUnitType.js":"/*!\n * SAP UI development toolkit for HTML5 (SAPUI5)\n\n(c) Copyright 2009-2016 SAP SE. All rights reserved\n */\nsap.ui.define(function(){'use strict';var T={Date:'Date',yearmonthday:'yearmonthday'};return T;},true);\n",
	"sap/chart/data/Dimension.js":"/*!\n * SAP UI development toolkit for HTML5 (SAPUI5)\n\n(c) Copyright 2009-2016 SAP SE. All rights reserved\n */\nsap.ui.define(['sap/ui/core/Element','sap/chart/utils/ChartUtils'],function(E,C){'use strict';var _={category:true,category2:true,series:true};var D=E.extend('sap.chart.data.Dimension',{metadata:{library:'sap.chart',properties:{name:{type:'string'},label:{type:'string'},textFormatter:{type:'function'},textProperty:{type:'string'},displayText:{type:'boolean',defaultValue:true},role:{type:'string',defaultValue:'category'}}}});D.prototype.setLabel=C.makeNotifyParentProperty('label');D.prototype.setTextFormatter=C.makeNotifyParentProperty('textFormatter');D.prototype.setTextProperty=C.makeNotifyParentProperty('textProperty');D.prototype.setDisplayText=C.makeNotifyParentProperty('displayText');var r=C.makeNotifyParentProperty('role');D.prototype.setRole=function(v,s){if(!_[v]){jQuery.error('Invalide Dimension role: '+v);}return r.apply(this,arguments);};return D;});\n",
	"sap/chart/data/Measure.js":"/*!\n * SAP UI development toolkit for HTML5 (SAPUI5)\n\n(c) Copyright 2009-2016 SAP SE. All rights reserved\n */\nsap.ui.define(['sap/ui/core/Element','sap/chart/utils/ChartUtils','sap/chart/library'],function(E,C,l){'use strict';var _={axis1:true,axis2:true,axis3:true,axis4:true};var M=l.data.MeasureSemantics;var a=E.extend('sap.chart.data.Measure',{metadata:{library:'sap.chart',properties:{name:{type:'string'},label:{type:'string'},unitBinding:{type:'string'},valueFormat:{type:'string',defaultValue:null},role:{type:'string',defaultValue:'axis1'},semantics:{type:'sap.chart.data.MeasureSemantics',defaultValue:M.Actual},semanticallyRelatedMeasures:{type:'object',defaultValue:null}}}});a.prototype.setLabel=C.makeNotifyParentProperty('label');var r=C.makeNotifyParentProperty('role');a.prototype.setRole=function(v,s){if(!_[v]){jQuery.error('Invalide Measure role: '+v);}return r.apply(this,arguments);};a.prototype.setUnitBinding=C.makeNotifyParentProperty('unitBinding');a.prototype.setValueFormat=C.makeNotifyParentProperty('valueFormat');a.prototype.setSemantics=C.makeNotifyParentProperty('semantics');a.prototype.setSemanticallyRelatedMeasures=C.makeNotifyParentProperty('semanticallyRelatedMeasures');return a;});\n",
	"sap/chart/data/TimeDimension.js":"/*!\n * SAP UI development toolkit for HTML5 (SAPUI5)\n\n(c) Copyright 2009-2016 SAP SE. All rights reserved\n */\nsap.ui.define(['sap/chart/data/Dimension','sap/chart/utils/ChartUtils'],function(D,C){'use strict';var T=D.extend('sap.chart.data.TimeDimension',{metadata:{library:'sap.chart',properties:{timeUnit:{type:'string'}}}});T.prototype.setTimeUnit=C.makeNotifyParentProperty('timeUnit');return T;});\n",
	"sap/chart/library.js":"/*!\n * SAP UI development toolkit for HTML5 (SAPUI5)\n\n(c) Copyright 2009-2016 SAP SE. All rights reserved\n */\nsap.ui.define(['jquery.sap.global','sap/viz/ui5/format/ChartFormatter','sap/ui/core/library','sap/viz/library','sap/chart/utils/RoleFitter','sap/chart/ChartType'],function(q,C,c,v,R,a){'use strict';sap.ui.getCore().initLibrary({name:'sap.chart',dependencies:['sap.ui.core','sap.viz'],types:['sap.chart.data.MeasureSemantics'],interfaces:[],controls:['sap.chart.Chart'],elements:['sap.chart.data.Dimension','sap.chart.data.TimeDimension','sap.chart.data.Measure'],noLibraryCSS:true,version:'1.44.24'});sap.chart.SelectionMode={Multi:'MULTIPLE',Single:'SINGLE',None:'NONE'};sap.chart.api={};sap.chart.api.getChartTypes=function(){var p=q.sap.getModulePath('sap.chart');var B=q.sap.resources({url:p+'/i18n/i18n.properties'});return Object.keys(sap.chart.ChartType).reduce(function(m,s){var f=sap.chart.ChartType[s];m[f]=B.getText('info/'+f);return m;},{});};sap.chart.data=sap.chart.data||{};sap.chart.data.MeasureSemantics={Actual:'actual',Reference:'reference',Projected:'projected'};sap.chart.api.getChartTypeLayout=function(s,D,m){var f,M;if(!s){throw new Error('Invalid chart type: '+String(s));}if(D){f=D.map(function(g,i){if(g&&g.name){return{getName:function(){return g.name;},getRole:function(){return g.role||'category';}};}else{throw new Error('Invalid Dimension at ['+i+']: '+String(g)+\". Dimension should be an object of the format{name:'name'}.\");}});}else{f=[];}if(m){M=m.map(function(g,i){if(g&&g.name){return{getName:function(){return g.name;},getRole:function(){return g.role||'axis1';}};}else{throw new Error('Invalid Measure at ['+i+']: '+String(g)+\". Measure should be an object of the format{name:'name'}.\");}});}else{M=[];}var o=R.compatible(s,f,M);return{dimensions:o.used.Dimension||[],measures:o.used.Measure||[],errors:Object.keys(o.error||{}).reduce(function(E,g){return E.concat({cause:g,detail:o.error[g]});},[])};};var F='__UI5__ShortIntegerMaxFraction10';var b='__UI5__FloatMaxFraction2';var d='__UI5__ShortIntegerMaxFraction2';var e=C.getInstance();e.registerCustomFormatter(F,function(f){var g=sap.ui.core.format.NumberFormat.getIntegerInstance({style:'short',maxFractionDigits:10});return g.format(f);});e.registerCustomFormatter(b,function(f){var g=sap.ui.core.format.NumberFormat.getFloatInstance({style:'Standard',maxFractionDigits:2});return g.format(f);});e.registerCustomFormatter(d,function(f){var g=sap.ui.core.format.NumberFormat.getIntegerInstance({style:'short',maxFractionDigits:2});return g.format(f);});this._oChartForamtter=e;if(!(sap.viz.api.env.Format.numericFormatter()instanceof C)){sap.viz.api.env.Format.numericFormatter(e);}return sap.chart;});\n",
	"sap/chart/manifest.json":"{\n  \"_version\": \"1.2.0\",\n  \"sap.app\": {\n    \"_version\": \"1.2.0\",\n    \"id\": \"sap.chart\",\n    \"type\": \"library\",\n    \"embeds\": [],\n    \"applicationVersion\": {\n      \"version\": \"1.44.24\"\n    },\n    \"title\": \"Smart viz control based on Vizframe\",\n    \"description\": \"Smart viz control based on Vizframe\",\n    \"ach\": \"BI-CVM\",\n    \"resources\": \"resources.json\",\n    \"offline\": true\n  },\n  \"sap.ui\": {\n    \"_version\": \"1.1.0\",\n    \"technology\": \"UI5\",\n    \"supportedThemes\": []\n  },\n  \"sap.ui5\": {\n    \"_version\": \"1.1.0\",\n    \"dependencies\": {\n      \"minUI5Version\": \"1.44\",\n      \"libs\": {\n        \"sap.ui.core\": {\n          \"minVersion\": \"1.44.24\"\n        },\n        \"sap.viz\": {\n          \"minVersion\": \"1.44.24\"\n        }\n      }\n    }\n  }\n}",
	"sap/chart/pagination/PagingController.js":"/*!\n * SAP UI development toolkit for HTML5 (SAPUI5)\n\n(c) Copyright 2009-2016 SAP SE. All rights reserved\n */\nsap.ui.define(['sap/chart/pagination/SeriesColorTracker','sap/ui/model/Sorter'],function(S,a){'use strict';var P=500;function i(B,s,l){var c=B.getContexts(s,l),n;if(c.dataRequested){n=true;}else{n=c.some(function(C){return C===undefined;});}return!n;}var b=function(c){this._oColorTracker=new S();this._mMeasureRange={};this._iRenderedPageNo=-1;this._bUnderPaging=false;this._iMaxPageNo=-1;this._iRemainingRecords=-1;this._iOffset=null;this._oChart=c;this._bInitialized=false;this._bWaiting=false;this._aPagingSorters=null;this._bMinMaxQueried=false;var d=this._oChart._getDataset();if(d){d.setRange(0,P*2);}var v=this._oChart._getVizFrame();v.attachEvent('_scroll',b.prototype._scrollHandler.bind(this));};b.prototype.bindingChanged=function(){if(!this._bInitialized||!this._bMinMaxQueried){this.init(true);}else if(this.isUnderPaging()){this.paging(this._oChart._getVizFrame()._states().plot.transform.translate.position);}if(!this._bInitialized||this._bWaiting){this._sLoadingTimer=this._sLoadingTimer||jQuery.sap.delayedCall(200,this,function(){this._oChart._showLoading(true);});}else{this._oChart._showLoading(false);}};b.prototype.reset=function(){this._bInitialized=false;this._bWaiting=false;this._iRenderedPageNo=0;this._mMeasureRange={};this._bMinMaxQueried=false;this._oColorTracker.clear();var B=this._oChart.getBinding('data');var d=this._oChart._getDataset();if(!d||!B){return;}var f=this._oChart._prepareFeeds();f._order=f._order.filter(function(F){return F!=='MND'&&this._oChart.getDimensions().map(function(v){return v.getName();}).indexOf(F)>-1;}.bind(this));this._aPagingSorters=null;if(f._order.length){var s=this._oChart._aFeeds._order.map(function(p){return new a(p);});B.sort(s);this._aPagingSorters=s;}this._oChart._getVizFrame()._runtimeScales(this._oColorTracker.get(),true);this._oChart._getVizFrame()._readyToRender(false);var l;if(this._oChart.getBindingInfo('data').length){l=Math.min(P*2,this._oChart.getBindingInfo('data').length);}else{l=P*2;}d.setRange(0,l);d.setPagingOption({bEnabled:false});};b.prototype.getPagingSorters=function(){return this._aPagingSorters;};b.prototype.isUnderPaging=function(){return!!this._bUnderPaging;};b.prototype.init=function(n){this._bInitialized=true;this._bUnderPaging=false;var v=this._oChart._getVizFrame();var d=v.getDataset();var B=d.getBinding('data');if(!B){return;}var t=B instanceof sap.ui.model.analytics.AnalyticalBinding?B.getTotalSize():B.getLength();var p;if(t>=0){if(this._oChart.getBindingInfo('data').length){this._iTotalSize=Math.min(this._oChart.getBindingInfo('data').length,t);}else{this._iTotalSize=t;}if(this._iTotalSize>P*2){this._bUnderPaging=true;this._iMaxPageNo=Math.floor(this._iTotalSize/P)-1;this._iRemainingRecords=this._iTotalSize%P;this._iOffset=null;this._iRenderedPageNo=0;var c=P/this._iTotalSize;p={bEnabled:true,sMode:'reset',thumbRatio:c};d.setRange(0,P);if(n){this._bWaiting=true;this._bMinMaxQueried=true;this._queryMinMax(this._oChart,B,function(q){var m={};jQuery.each(q,function(M,r){m[M]={min:r.min.value,max:r.max.value};});this._mMeasureRange=m;this._bWaiting=false;this._oChart._invalidateBy({source:this._oChart,keys:{vizFrame:true}});this._oChart.setBusy(false);v._readyToRender(i(B,0,P));}.bind(this));}else{v._readyToRender(i(B,0,P));this._bWaiting=false;}this._bUnderPaging=true;}else{this._mMeasureRange={};p={bEnabled:false};this._bUnderPaging=false;d.setRange(0,this._iTotalSize);v._readyToRender(i(B,0,this._iTotalSize));}d.setPagingOption(p);}};b.prototype.paging=function(r){var c=Math.floor(this._iTotalSize*r/P);var v=this._oChart._getVizFrame();c=Math.min(c,this._iMaxPageNo);this._iOffset=null;var s=Math.max((c-1)*P,0);var l,d;if(c===0){l=P;d=P;}else if(c===this._iMaxPageNo){l=P*2+this._iRemainingRecords;d=P+this._iRemainingRecords;}else{l=P*2;d=P;}this._iOffset=(this._iTotalSize*r-c*P)/d;if(this._iRenderedPageNo===c){var t={plot:{transform:{translate:{translateByPage:{context:this._middleCtx,offset:this._iOffset}}}}};v._states(t);this._bWaiting=false;}else{if(this._pagingTimer){jQuery.sap.clearDelayedCall(this._pagingTimer);}this._bWaiting=true;var D=v.getDataset();var B=D.getBinding('data');this._pagingTimer=jQuery.sap.delayedCall(50,this,function(){D.setRange(s,l);D.setPagingOption({bEnabled:true,sMode:'update',thumbRatio:null});var e=i(B,s,l);if(e){this._iRenderedPageNo=c;D.invalidate();v._readyToRender(true);v.invalidate();this._oColorTracker.add(v._runtimeScales());v._runtimeScales(this._oColorTracker.get(),true);this._bWaiting=false;}else{this._bWaiting=true;v._readyToRender(false);}});this._sLoadingTimer=this._sLoadingTimer||jQuery.sap.delayedCall(200,this,function(){this._oChart._showLoading(true);});}};b.prototype.vizFrameRenderCompleted=function(){if(this._sLoadingTimer){jQuery.sap.clearDelayedCall(this._sLoadingTimer);this._sLoadingTimer=null;}this._oChart._showLoading(false);if(!this._bUnderPaging){return;}var v=this._oChart._getVizFrame();var d=v.getDataset();var B=d.getBinding('data');var r=this._iRenderedPageNo;if(r!==0){var m=r*P-1;this._middleCtx=B.getContexts(m,1)[0].getObject();}else{this._middleCtx=null;}if(this._middleCtx||this._iOffset){var t={plot:{transform:{translate:{translateByPage:{context:this._middleCtx,offset:this._iOffset}}}}};v._states(t);}};b.prototype._scrollHandler=function(e){if(this._oChart._isEnablePaging()){var r=e.getParameters().position;this.paging(r);}};b.prototype._queryMinMax=function(c,B,C){var d=c._getRequiredDimensions().map(function(D){return D.getName();}),m=c._getRequiredMeasures().map(function(g){return g.getName();});var r=m.reduce(function(r,s){r[s]={min:{},max:{}};return r;},{});function e(){var A=m.every(function(s){return r[s].min.requested&&r[s].max.requested;});if(A){C(r);}}function o(s,k,D){r[s][k].requested=true;r[s][k].value=parseFloat(D&&D.results[0][s]);e();}function f(s,k,D){r[s][k].requested=true;r[s][k].error=D;e();}var q=m.reduce(function(q,s){return q.concat({urlParameters:{'$select':d.concat(s).join(','),'$top':1,'$orderby':s+' asc'},success:o.bind(null,s,'min'),error:f.bind(null,s,'min')},{urlParameters:{'$select':d.concat(s).join(','),'$top':1,'$orderby':s+' desc'},success:o.bind(null,s,'max'),error:f.bind(null,s,'max')});},[]);var p=B.getPath(),M=B.getModel();q.forEach(function(Q){M.read(p,Q);});return q;};b.prototype.getCurrentContexts=function(){var v=this._oChart._getVizFrame();var d=v.getDataset();var r=d.getRange();var s=r.iStartIndex,l;if(this._iRenderedPageNo===0){l=r.iLength*2;}else{l=r.iLength;}return d.getBinding('data').getContexts(s,l);};b.prototype.getMeasureRange=function(){return this._mMeasureRange;};return b;});\n",
	"sap/chart/pagination/SeriesColorTracker.js":"/*!\n * SAP UI development toolkit for HTML5 (SAPUI5)\n\n(c) Copyright 2009-2016 SAP SE. All rights reserved\n */\nsap.ui.define([],function(){'use strict';var _={color:true,color2:true};function S(){this._mSeriesColor={};}function s(c){var t=jQuery.type(c);switch(t){case'string':return'\"'+c+'\"';case'null':case'undefined':return t;case'array':return'['+c.map(s).join(',')+']';case'object':return'{'+Object.keys(c).map(function(p){return'\"'+p+'\":'+s(c[p]);}).join(',')+'}';case'number':case'boolean':return String(c);default:return t+'<'+String(c)+'>';}}S.prototype.add=function(r){var a=this._mSeriesColor,m;r.forEach(function(R){var f=R.feed;if(!_[f]){return;}m=a[f];if(!m){m={};a[f]=m;}R.results.forEach(function(o){var k=s(o.dataContext);if(!m[k]){m[k]=o;}});});};S.prototype.get=function(){var f=Object.keys(this._mSeriesColor);var m=this._mSeriesColor;return f.map(function(F){var k=Object.keys(m[F]);return k.length===0?null:{results:k.map(function(K){return m[F][K];}),feed:F};});};S.prototype.clear=function(){this._mSeriesColor={};};return S;});\n",
	"sap/chart/utils/ChartTypeAdapterUtils.js":"/*\n * SAP UI development toolkit for HTML5 (SAPUI5)\n\n(c) Copyright 2009-2016 SAP SE. All rights reserved\n */\nsap.ui.define(['sap/chart/ChartType','sap/chart/TimeUnitType'],function(C,T){'use strict';var a={};var A={'line':'timeseries_line','column':'timeseries_column','scatter':'timeseries_scatter','bubble':'timeseries_bubble','combination':'timeseries_combination','dual_combination':'dual_timeseries_combination'};function t(c,d){var h=d.some(function(D){return D instanceof sap.chart.data.TimeDimension;});if(h){return A[c];}else{return c;}}a.adaptChartType=function(c,d){if(A[c]){return t(c,d);}else{return c;}};return a;});\n",
	"sap/chart/utils/ChartUtils.js":"/*\n * SAP UI development toolkit for HTML5 (SAPUI5)\n\n(c) Copyright 2009-2016 SAP SE. All rights reserved\n */\nsap.ui.define(['sap/chart/ChartType'],function(C){'use strict';var _={chartTypes:[C.Bar,C.Column,C.Line,C.Combination,C.Pie,C.Donut,C.Scatter,C.Bubble,C.Heatmap,C.Bullet,C.VerticalBullet,C.StackedBar,C.StackedColumn,C.StackedCombination,C.HorizontalStackedCombination,C.DualBar,C.DualColumn,C.DualLine,C.DualStackedBar,C.DualStackedColumn,C.DualCombination,C.DualHorizontalCombination,C.DualStackedCombination,C.DualHorizontalStackedCombination,C.PercentageStackedBar,C.PercentageStackedColumn,C.PercentageDualStackedBar,C.PercentageDualStackedColumn,C.Waterfall,C.HorizontalWaterfall],pagingChartTypes:[C.Bar,C.Column,C.Line,C.Combination,C.Bullet,C.VerticalBullet,C.StackedBar,C.StackedColumn,C.StackedCombination,C.HorizontalStackedCombination,C.DualBar,C.DualColumn,C.DualLine,C.DualStackedBar,C.DualStackedColumn,C.DualCombination,C.DualHorizontalCombination,C.DualStackedCombination,C.DualHorizontalStackedCombination,C.PercentageStackedBar,C.PercentageStackedColumn,C.PercentageDualStackedBar,C.PercentageDualStackedColumn],timeChartTypes:['timeseries_line','timeseries_column','timeseries_bubble','timeseries_scatter','timeseries_combination','dual_timeseries_combination']};return{CONFIG:_,makeNotifyParentProperty:function(p){return function(v,s){var o=this.mProperties[p];v=this.validateProperty(p,v);if(jQuery.sap.equal(o,v)){return this;}this.setProperty(p,v,s);if(s){return this;}var P=this.getParent();if(P&&typeof P._invalidateBy==='function'){P._invalidateBy({source:this,property:p,oldValue:o,newValue:v});}return this;};},hostVizPropertySetter:function(p,v,c){var a=c.validate,b=c.convert;return function(V){V=this.validateProperty(p,V);if(typeof b==='function'){V=b(V);}if(!a||a.call(this,V)){this.setProperty(p,V);var o=this._getVizFrame();if(o){var d={};d[v]=V;o.setVizProperties(d);}}return this;};},hostVizPropertyGetter:function(p,v){return function(){var V=this._getVizFrame();if(!V){return this.getProperty(p);}else{return v.split('.').reduce(function(a,b){return a.hasOwnProperty(b)?a[b]:undefined;},V.getVizProperties());}};}};});\n",
	"sap/chart/utils/DataSourceUtils.js":"/*\n * SAP UI development toolkit for HTML5 (SAPUI5)\n\n(c) Copyright 2009-2016 SAP SE. All rights reserved\n */\nsap.ui.define(['sap/chart/data/Dimension','sap/chart/data/TimeDimension','sap/chart/data/Measure','sap/chart/TimeUnitType'],function(D,T,M,a){'use strict';function g(i,B){var p=B.path;var n=(B.parameters||{}).entitySet;if(!n){n=p.split('/')[1];if(n.indexOf('(')!=-1){n=n.split('(')[0]+(i?'Results':'Set');}}return n;}function _(r,s,t){return'{/#'+r+'/'+s+'/@sap:'+t+'}';}function d(p,C){var f=D;if(p.type==='Edm.DateTime'&&p['sap:display-format']==='Date'){f=T;C.timeUnit=a.Date;}else if(p.type==='Edm.String'&&a[p['sap:semantics']]){f=T;C.timeUnit=p['sap:semantics'];}return f;}var b={getEntitySet:g.bind(null,true),deriveColumns:function(m,B){var r=m.getAnalyticalExtensions().findQueryResultByName(b.getEntitySet(B));if(!r){throw new Error(\"value of the \\\"isAnalytical\\\" property does not match the Data Service in use\");}var R=r.getEntityType().getQName();R=R.slice(R.lastIndexOf('.')+1);var s=r.getEntityType().getSchema().namespace;var f=b.makeDimension.bind(this,R,s,r);var h=b.makeMeasure.bind(this,R);return{dimensions:jQuery.map(r.getAllDimensions(),f),measures:jQuery.map(r.getAllMeasures(),h)};},makeDimension:function(r,R,o,f){var s=f.getName();var C={name:s,label:_(r,s,'label'),textProperty:_(r,s,'text')};var A=b.ANNOTATION_ACCESS_TEMPLATE.replace(/%SCHEMANS/,R).replace(/%RESULTTYPE/,r).replace(/%DIMENSION/,s);var u=o.getModel().getODataModel().getMetaModel().getProperty(A);var h=d(u,C);return new h(C);},makeMeasure:function(r,m){return new M({name:m.getName(),label:_(r,m.getName(),'label')});},updateModel:function(C){function f(o,k,l){var t=o.getTextProperty(),j=[{name:o.getName(),grouped:false,inResult:!!k,visible:!l}];if(o.getDisplayText()&&t){j.push({name:t,grouped:false,inResult:!!k,visible:!l});}return j;}function h(o){var u=o.getUnitBinding(),j=[{name:o.getName(),total:false,inResult:false,visible:true}];if(u){j.push({name:u,total:false,inResult:false,visible:true});}return j;}var B=C.getBinding('data');if(!B){return;}var i=C._getVisibleDimensions(true);var m=C._getVisibleMeasures(true);var I=C._normalizeDorM(C._getInResultFields(),true);var j=i.reduce(function(j,o){return j.concat(f(o));},[]).concat(I.reduce(function(j,o){return j.concat(f(o,true,true));},[])).concat(m.reduce(function(j,o){return j.concat(h(o));},[]));B.updateAnalyticalInfo(j);},ANNOTATION_ACCESS_TEMPLATE:'/dataServices/schema/[${'+'namespace'+\"}==='%SCHEMANS']/entityType/[${\"+'name'+\"}==='%RESULTTYPE']/property/[${\"+'name'+\"}==='%DIMENSION']/\"};var c={getEntitySet:g.bind(null,false),deriveColumns:function(m,B){var o=m.getMetaModel(),C={dimensions:[],measures:[]};if(o){var q=o.getODataEntitySet(c.getEntitySet(B)).entityType;var E=o.getODataEntityType(q);jQuery.each(E.property,function(i,p){var f=c.CLAZZ[p.type];if(!f){throw new Error('Unsupported type: '+p.type);}var h={name:p.name};if(p.hasOwnProperty('sap:label')){h.label=p['sap:label'];}if(f===M){C.measures.push(new f(h));}else{if(p.hasOwnProperty('sap:text')){h.textProperty=p['sap:text'];}f=d(p,h);C.dimensions.push(new f(h));}});}return C;},CLAZZ:{'Null':D,'Edm.Binary':D,'Edm.Boolean':D,'Edm.Byte':M,'Edm.DateTime':D,'Edm.Decimal':M,'Edm.Double':M,'Edm.Single':M,'Edm.Guid':D,'Edm.Int16':M,'Edm.Int32':M,'Edm.Int64':M,'Edm.SByte':M,'Edm.String':D,'Edm.Time':D,'Edm.DateTimeOffset':D},updateModel:function(C,f,m){if(C.getModel()instanceof sap.ui.model.odata.ODataModel){var h=f.reduce(function(h,o){if(o.getTextProperty()){return h.concat(o.getName(),o.getTextProperty());}else{return h.concat(o.getName());}},[]);var i=m.reduce(function(i,o){if(o.getUnitBinding()){return i.concat(o.getName(),o.getUnitBinding());}else{return i.concat(o.getName());}},[]);C._oBindingInfo.parameters=C._oBindingInfo.parameters||{};C._oBindingInfo.parameters.entitySet=c.getEntitySet(C._oBindingInfo);C._oBindingInfo.parameters.select=h.concat(i).join(',');C.bindData(C._oBindingInfo);if(C._isEnablePaging()&&C._getPagingController().getPagingSorters()){C.getBinding('data').sort(C._getPagingController().getPagingSorters());}}else{return;}}};function e(m){return function(i){var f=i?b:c;return f[m];};}return{deriveColumns:e('deriveColumns'),updateModel:e('updateModel'),getEntitySet:e('getEntitySet')};});\n",
	"sap/chart/utils/DateFormatUtil.js":"/*!\n * SAP UI development toolkit for HTML5 (SAPUI5)\n\n(c) Copyright 2009-2016 SAP SE. All rights reserved\n */\nsap.ui.define(['sap/chart/TimeUnitType','sap/ui/core/format/DateFormat'],function(T,D){'use strict';function g(t){var p;switch(t){case T.yearmonthday:p='yyyyMMdd';break;default:return null;}return D.getDateInstance({pattern:p});}return{getInstance:g};});\n",
	"sap/chart/utils/MeasureSemantics.js":"/*!\n * SAP UI development toolkit for HTML5 (SAPUI5)\n\n(c) Copyright 2009-2016 SAP SE. All rights reserved\n */\nsap.ui.define([],function(){'use strict';function r(M){var R=M.getSemanticallyRelatedMeasures();var o={};if(R){if(R.projectedValueMeasure){o.projected=R.projectedValueMeasure;}if(R.referenceValueMeasure){o.reference=R.referenceValueMeasure;}return o;}return o;}function c(M){var C=M.reduce(function(C,o){C[o.getName()]={msr:o,sem:o.getSemantics()||'actual',rel:r(o)};return C;},{});jQuery.each(C,function(s,o){if(o.sem==='actual'){jQuery.each(o.rel,function(S,t){if(C[t].sem!==S){delete o.rel[S];}});}});return C;}function m(M,s){var t=[];jQuery.each(M.slice().sort(function(a,b){var d=s[a.getName()].sem,e=s[b.getName()].sem;if(d<e){return-1;}else if(d>e){return 1;}else{return M.indexOf(a)-M.indexOf(b);}}),function(i,o){var n=o.getName();if(!s[n]){return;}var S=s[n];var T={};T[S.sem]=n;if(S.sem==='actual'){if(S.rel.projected&&s[S.rel.projected]){T.projected=S.rel.projected;delete s[S.rel.projected];}if(S.rel.reference&&s[S.rel.reference]){T.reference=S.rel.reference;delete s[S.rel.reference];}delete s[n];}t.push(T);});return t;}return{getTuples:function(M){return m(M,c(M));}};});\n",
	"sap/chart/utils/RoleFitter.js":"/*!\n * SAP UI development toolkit for HTML5 (SAPUI5)\n\n(c) Copyright 2009-2016 SAP SE. All rights reserved\n */\nsap.ui.define(['sap/viz/ui5/data/DimensionDefinition','sap/viz/ui5/data/MeasureDefinition','sap/viz/ui5/controls/common/feeds/FeedItem','sap/viz/ui5/controls/common/feeds/AnalysisObject','sap/chart/TimeUnitType','sap/chart/utils/DateFormatUtil','sap/chart/utils/ChartUtils','sap/chart/utils/RoleMapper'],function(D,M,F,A,T,c,C,R){'use strict';var s=function(){return sap.viz.vizservices.BVRService.suggestFeeds.apply(null,arguments);};var d=function(a,f){var r=sap.viz.vizservices.FeedService.validate(a,f);if(!r.valid){var b=r.results?r.results.bindings:null;if(b&&Object.keys(b).every(function(i){return b[i].allowMND&&(!b[i].missing||b[i].missing===1)&&!b[i].incorrect;})){return{valid:true};}}return r;};var _=[{'types':'*','toViz':{'category|category2':'categoryAxis','series':'color','axis1|axis2|axis3|axis4':'valueAxis'}},{'types':'column|bar|stacked_bar|stacked_column|line|combination|100_stacked_bar|100_stacked_column|stacked_combination|horizontal_stacked_combination','toViz':{}},{'types':'scatter|bubble|time_bubble|timeseries_scatter|timeseries_bubble','toViz':{'series':'series','category|category2':'@context','axis1':'valueAxis','axis2':'valueAxis2'}},{'types':'bubble|time_bubble','toViz':{'axis3':'bubbleWidth'}},{'types':'pie|donut','toViz':{'category|series|category2':'color','axis1|axis2|axis3|axis4':'size'}},{'types':'bullet|vertical_bullet','toViz':{'axis1|axis2|axis3|axis4':'@semanticBulletMsrs'}},{'types':'dual_combination|dual_horizontal_combination|dual_stacked_bar|100_dual_stacked_bar|dual_stacked_column|100_dual_stacked_column|dual_bar|dual_column|dual_line|dual_stacked_combination|dual_horizontal_stacked_combination','toViz':{'axis1':'valueAxis','axis2|axis3|axis4':'valueAxis2'}},{'types':'timeseries_line','toViz':{'category':'timeAxis','axis1|axis2|axis3':'valueAxis'}},{'types':'timeseries_scatter','toViz':{'category':R.TimeCategory,'axis2|axis3':false}},{'types':'timeseries_bubble','toViz':{'category':R.TimeCategory,'axis2':false,'axis3':'bubbleWidth'}},{'types':'timeseries_column','toViz':{'category':'timeAxis','series':'timeAxis','axis1|axis2|axis3|axis4':'valueAxis'}},{'types':'timeseries_combination','toViz':{'category':'timeAxis','axis1|axis2|axis3|axis4':'valueAxis'}},{'types':'dual_timeseries_combination','toViz':{'category':'timeAxis','axis1':'valueAxis','axis2|axis3|axis4':'valueAxis2'}},{'types':'heatmap','toViz':{'category':'categoryAxis','category2|series':'categoryAxis2','axis1|axis2|axis3|axis4':'color'}},{'types':'waterfall','toViz':{'series':'waterfallType','axis1|axis2|axis3|axis4':'valueAxis'}},{'types':'horizontal_waterfall','toViz':{'series':'waterfallType','axis1|axis2|axis3|axis4':'valueAxis'}}].reduce(function(m,a){var b=Object.keys(a.toViz).reduce(function(b,f){f.split('|').forEach(function(r){b[r]=a.toViz[f];return b;});return b;},{});a.types.split('|').forEach(function(f){if(!m.hasOwnProperty(f)){m[f]=[];}m[f].push(b);});return m;},{});var e=Object.keys(_).reduce(function(m,a){if(a!=='*'){m[a]=jQuery.extend.apply(null,[true,{}].concat(_['*'].concat(_[a])));}return m;},{});function g(a,k,v){var b=(typeof k==='function')?k:function(o){return o[k];};return a.reduce(function(o,f){var i=b(f),m=(typeof v==='function')?v(f):f;if(i&&!o[i]){o[i]=[m];}else if(i){o[i].push(m);}return o;},{});}function h(a,k){return a.reduce(function(m,b,i){m[k(b)]=i;return m;},{});}function j(m,a){var b=Object.keys(m).reduce(function(b,r){if(typeof m[r]==='function'){b[r]=new m[r]();}else{b[r]=new R(m[r]);}return b;},{});return g(a,function(o){return b[o.getRole()].toFeedingId(o,a);});}var L={from:F.fromLightWeightFmt,build:function(o){var a=[];jQuery.each(o.dims,function(k,v){a.push({id:k,type:'Dimension',values:v.map(l('Dimension'))});});jQuery.each(o.msrs,function(k,v){a.push({id:k,type:'Measure',values:v.map(l('Measure'))});});return a;}};function l(a){return function(o){var i=o.getName();if(i==='MND'){return{id:'MND',type:'MND'};}var b={id:i,name:i,type:a};if(o instanceof sap.chart.data.TimeDimension){b.dataType='Date';}return b;};}function w(o,a){var n=o.getName(),b=o.getLabel(),f=o.getTextProperty(),i=o.getTextFormatter(),k=o.getDisplayText();var m={identity:n,name:b||n,value:'{'+n+'}'};if(typeof i==='function'){m.displayValue={formatter:i,parts:[{path:n,type:new sap.ui.model.type.String()}]};if(f){m.displayValue.parts.push({path:f,type:new sap.ui.model.type.String()});}}else if(k&&f){m.displayValue='{'+f+'}';}var r=new D(m);if(C.CONFIG.timeChartTypes.indexOf(a)>-1&&o instanceof sap.chart.data.TimeDimension){var v=c.getInstance(o.getTimeUnit());var P=v?v.parse.bind(v):undefined;r.getBindingInfo('value').formatter=P;r.setDataType('Date');}return r;}function p(m){var n=m.getName();var o=new M({identity:n,name:m.getLabel()||n,value:'{'+n+'}'});o.setUnit(m.getUnitBinding());return o;}function q(a,f){var m=sap.viz.api.metadata.Viz.get('info/'+a),b=g(m.bindings,'role'),i=g(f,'id'),k=b['layout.category']||[],S=b['mark.color']||[];if(k.length===0){return[];}else{var o=[];jQuery.each(k.concat(S),function(n,r){var v=i[r.id];if(v&&v.length>0){jQuery.each(v[0].values,function(H,V){o.push(V.id);});}});return o;}}function t(a,b,m,S){var r=e[a];var o={dims:j(r,b),msrs:j(r,m)};var f=null;if(o.dims.series){o.dims[S]=o.dims.series;delete o.dims.series;}if(o.dims['@context']){f=o.dims['@context'];delete o.dims['@context'];}if(o.msrs['@semanticBulletMsrs']){R.semantics.semanticBulletMsrs(o.msrs);}var i=L.build(o);i.contexts=f;return i;}var I=[{chartTypes:'bar,column,line,combination,heatmap,bullet,vertical_bullet,stacked_bar,stacked_column,stacked_combination,horizontal_stacked_combination,dual_bar,dual_column,dual_line,dual_stacked_bar,dual_stacked_column,dual_combination,dual_horizontal_combination,dual_stacked_combination,dual_horizontal_stacked_combination,100_stacked_bar,100_stacked_column,100_dual_stacked_bar,100_dual_stacked_column,waterfall,horizontal_waterfall'.split(','),feed:'categoryAxis'},{chartTypes:'donut,pie,scatter,bubble'.split(','),feed:'color'}];function u(a,f,b){var i,k;for(i=0;i<I.length;i++){if(I[i].chartTypes.indexOf(a)!==-1){k=I[i].feed;break;}}var H=f.some(function(o){return o.id===k;});if(!H){var m=s('info/'+a,f,[{id:'MND',type:'MND'}]).feedItems;f.splice(0,f.length);m.forEach(function(o){if(o.values.length>0){f.push(o);}});f=z(a,f);}for(i=0;i<f.length;i++){if(f[i].id===k&&f[i].type==='Dimension'){f[i].values=f[i].values.concat(b.map(function(o){return{id:o.getName(),name:o.getName(),type:'Dimension'};}));}}return d('info/'+a,f);}function x(a,b,m,i,S){var k=t(a,b,m,S);var n=k.contexts;var V=d('info/'+a,k);if(!V.valid){k=B(a,V,k,b,m);V=d('info/'+a,k);}if(V.valid&&i&&i.length>0){var r=g(b,function(o){return o.getName();});u(a,k,i.filter(function(o){return!r[o.getName()];}));}var H=k.reduce(function(o,f){f.values.forEach(function(v){o[v.id]=true;});return o;},{});var J=L.from(k);if(n){n.forEach(function(f){H[f.getName()]=true;});J._context=n.map(function(f){return f.getName();});}J._unused=E(k,b,m).filter(function(f){return!H[f];});J._def=G(b,V.valid?i:[],m,H,a);J._order=q(a,k);J._valid=V.valid;return J;}function y(a){return g(sap.viz.api.metadata.Viz.get('info/'+a).bindings,'id');}function z(a,f,b){b=b||y(a);f.forEach(function(o){o.type=b[o.id][0].type;});return f;}function B(f,V,i,m,n){var r=y(f),H=false,J=false;var K=V.results.bindings;Object.keys(K).forEach(function(k){if(!r[k]){return;}if(r[k][0].type==='Measure'){J=true;}if(r[k][0].type==='Dimension'&&!(K[k].allowMND&&(!K[k].missing||K[k].missing===1))){H=true;}});var N=i.filter(function(a){return!((a.type==='Dimension')?H:J);}),O=N.reduce(function(a,b){(b.values||[]).forEach(function(v){a[v.id]=true;});return a;},{});if(i.contexts){i.contexts.forEach(function(a){O[a.getName()]=true;});}var P=m.map(l('Dimension')),Q=n.map(l('Measure')),S=h(m,function(o){return o.getName();}),U=h(n,function(o){return o.getName();});P.sort(function(a,b){return S[a.id]-S[b.id];});Q.sort(function(a,b){return U[a.id]-U[b.id];});var W=s('info/'+f,N,P.concat(Q).filter(function(a){return!O[a.id];})).feedItems;z(f,W,r);return W;}function E(a,b,m){var U=a.reduce(function(i,f){f.values.forEach(function(v){i[v.id]=true;});return i;},{});return b.concat(m).filter(function(n){return!U[n.getName()];}).map(function(n){return n.getName();});}function G(a,i,m,v,b){return{dim:a.reduce(function(V,o){if(v[o.getName()]){V.push(w(o,b));}return V;},[]).concat(i.map(function(o){var f=w(o);f.setInResult(true);return f;})),msr:m.reduce(function(V,o){if(v[o.getName()]){V.push(p(o));}return V;},[])};}return{fit:x,compatible:function(a,b,m){var i='info/'+a,f={used:{},error:null,compatible:true};var n=t(a,b,m,'color'),V=d(i,n);if(!V.valid){n=B(a,V,n,b,m);V=d(i,n);f.needFix=true;}if(V.valid){f.used=g(n,function(o){return o.type;},function(o){return o.values.filter(function(v){return v.type==='Dimension'||v.type==='Measure';}).map(function(v){return v.id;});});jQuery.each(f.used,function(k,v){f.used[k]=v.reduce(function(o,N){return o.concat(N);},[]);});}else{f.compatible=false;var r=sap.viz.api.metadata.Viz.get(i).bindings,H=g(r,'type',function(o){return o.id;}),J={dim:0,msr:0,time:0};jQuery.each(V.results.bindings,function(k,v){if(!v.missing){return;}if(H.Dimension.indexOf(k)!==-1&&!(v.allowMND&&v.missing===1)){J[k==='timeAxis'?'time':'dim']+=v.missing;}else if(H.Measure.indexOf(k)!==-1){J.msr+=v.missing;}});f.error={missing:J};}return f;}};});\n",
	"sap/chart/utils/RoleMapper.js":"/*!\n * SAP UI development toolkit for HTML5 (SAPUI5)\n\n(c) Copyright 2009-2016 SAP SE. All rights reserved\n */\nsap.ui.define(['sap/chart/data/TimeDimension','sap/chart/utils/MeasureSemantics'],function(T,M){'use strict';function R(f){this._sFeedingId=f;}R.prototype.toFeedingId=function(d){return this._sFeedingId;};function a(){this._bTimeFed=false;}R.TimeCategory=a;a.prototype=Object.create(R.prototype);a.prototype.toFeedingId=function(d){if(d instanceof T&&!this._bTimeFed){this._bTimeFed=true;return'timeAxis';}else{return'@context';}};function t(A){while(A.length&&!A[A.length-1]){A.pop();}return A;}R.semantics={semanticBulletMsrs:function(m){var b=m['@semanticBulletMsrs'];var c=b.reduce(function(c,o){c[o.getName()]=o;return c;},{});var s=M.getTuples(b);var S={actualValues:[],forecastValues:[],targetValues:[]};jQuery.each(s,function(i,o){S.actualValues.push(o.actual?c[o.actual]:null);S.forecastValues.push(o.projected?c[o.projected]:null);S.targetValues.push(o.reference?c[o.reference]:null);});Object.keys(S).forEach(function(k){S[k]=t(S[k]);});delete m['@semanticBulletMsrs'];jQuery.extend(m,S);}};return R;});\n",
	"sap/chart/utils/SeriesColorTracker.js":"/*!\n * SAP UI development toolkit for HTML5 (SAPUI5)\n\n(c) Copyright 2009-2016 SAP SE. All rights reserved\n */\nsap.ui.define([],function(){'use strict';var _={color:true,color2:true};function S(){this._mSeriesColor={};}function s(c){var t=jQuery.type(c);switch(t){case'string':return'\"'+c+'\"';case'null':case'undefined':return t;case'array':return'['+c.map(s).join(',')+']';case'object':return'{'+Object.keys(c).map(function(p){return'\"'+p+'\":'+s(c[p]);}).join(',')+'}';case'number':case'boolean':return String(c);default:return t+'<'+String(c)+'>';}}S.prototype.add=function(r){var a=this._mSeriesColor,m;r.forEach(function(R){var f=R.feed;if(!_[f]){return;}m=a[f];if(!m){m={};a[f]=m;}R.results.forEach(function(o){var k=s(o.dataContext);if(!m[k]){m[k]=o;}});});};S.prototype.get=function(){var f=Object.keys(this._mSeriesColor);var m=this._mSeriesColor;return f.map(function(F){var k=Object.keys(m[F]);return k.length===0?null:{results:k.map(function(K){return m[F][K];}),feed:F};});};S.prototype.clear=function(){this._mSeriesColor={};};return S;});\n"
}}
