{
  "_version": "1.1.0",
  "resources": [
    {
      "name": ".theming",
      "theme": "base"
    },
    {
      "name": "ActionListItem.less",
      "designtime": true,
      "theme": "base"
    },
    {
      "name": "ActionSheet.less",
      "designtime": true,
      "theme": "base"
    },
    {
      "name": "App.less",
      "designtime": true,
      "theme": "base"
    },
    {
      "name": "Bar.less",
      "designtime": true,
      "theme": "base"
    },
    {
      "name": "BarBase.less",
      "designtime": true,
      "theme": "base"
    },
    {
      "name": "Breadcrumbs.less",
      "designtime": true,
      "theme": "base"
    },
    {
      "name": "BusyDialog.less",
      "designtime": true,
      "theme": "base"
    },
    {
      "name": "BusyIndicator.less",
      "designtime": true,
      "theme": "base"
    },
    {
      "name": "Button.less",
      "designtime": true,
      "theme": "base"
    },
    {
      "name": "Carousel.less",
      "designtime": true,
      "theme": "base"
    },
    {
      "name": "CheckBox.less",
      "designtime": true,
      "theme": "base"
    },
    {
      "name": "ColumnListItem.less",
      "designtime": true,
      "theme": "base"
    },
    {
      "name": "ComboBox.less",
      "designtime": true,
      "theme": "base"
    },
    {
      "name": "ComboBoxBase.less",
      "designtime": true,
      "theme": "base"
    },
    {
      "name": "ComboBoxTextField.less",
      "designtime": true,
      "theme": "base"
    },
    {
      "name": "CustomListItem.less",
      "designtime": true,
      "theme": "base"
    },
    {
      "name": "CustomTile.less",
      "designtime": true,
      "theme": "base"
    },
    {
      "name": "DatePicker.less",
      "designtime": true,
      "theme": "base"
    },
    {
      "name": "DateRangeSelection.less",
      "designtime": true,
      "theme": "base"
    },
    {
      "name": "DateTimeInput.less",
      "designtime": true,
      "theme": "base"
    },
    {
      "name": "DateTimePicker.less",
      "designtime": true,
      "theme": "base"
    },
    {
      "name": "Dialog.less",
      "designtime": true,
      "theme": "base"
    },
    {
      "name": "DisplayListItem.less",
      "designtime": true,
      "theme": "base"
    },
    {
      "name": "DraftIndicator.less",
      "designtime": true,
      "theme": "base"
    },
    {
      "name": "FacetFilter.less",
      "designtime": true,
      "theme": "base"
    },
    {
      "name": "FacetFilterItem.less",
      "designtime": true,
      "theme": "base"
    },
    {
      "name": "FacetFilterList.less",
      "designtime": true,
      "theme": "base"
    },
    {
      "name": "FeedContent.less",
      "designtime": true,
      "theme": "base"
    },
    {
      "name": "FeedInput.less",
      "designtime": true,
      "theme": "base"
    },
    {
      "name": "FeedListItem.less",
      "designtime": true,
      "theme": "base"
    },
    {
      "name": "FileUpload.less",
      "designtime": true,
      "theme": "base"
    },
    {
      "name": "FlexBox.less",
      "designtime": true,
      "theme": "base"
    },
    {
      "name": "FormattedText.less",
      "designtime": true,
      "theme": "base"
    },
    {
      "name": "GenericTile.less",
      "designtime": true,
      "theme": "base"
    },
    {
      "name": "GroupHeaderListItem.less",
      "designtime": true,
      "theme": "base"
    },
    {
      "name": "GrowingList.less",
      "designtime": true,
      "theme": "base"
    },
    {
      "name": "HeaderContainer.less",
      "designtime": true,
      "theme": "base"
    },
    {
      "name": "IconTabBar.less",
      "designtime": true,
      "theme": "base"
    },
    {
      "name": "IconTabBarSelectList.less",
      "designtime": true,
      "theme": "base"
    },
    {
      "name": "Image.less",
      "designtime": true,
      "theme": "base"
    },
    {
      "name": "ImageContent.less",
      "designtime": true,
      "theme": "base"
    },
    {
      "name": "Input.less",
      "designtime": true,
      "theme": "base"
    },
    {
      "name": "InputBase.less",
      "designtime": true,
      "theme": "base"
    },
    {
      "name": "InputListItem.less",
      "designtime": true,
      "theme": "base"
    },
    {
      "name": "Label.less",
      "designtime": true,
      "theme": "base"
    },
    {
      "name": "LightBox.less",
      "designtime": true,
      "theme": "base"
    },
    {
      "name": "Link.less",
      "designtime": true,
      "theme": "base"
    },
    {
      "name": "List.less",
      "designtime": true,
      "theme": "base"
    },
    {
      "name": "ListBase.less",
      "designtime": true,
      "theme": "base"
    },
    {
      "name": "ListItemBase.less",
      "designtime": true,
      "theme": "base"
    },
    {
      "name": "MaskInput.less",
      "designtime": true,
      "theme": "base"
    },
    {
      "name": "Menu.less",
      "designtime": true,
      "theme": "base"
    },
    {
      "name": "MenuButton.less",
      "designtime": true,
      "theme": "base"
    },
    {
      "name": "MenuListItem.less",
      "designtime": true,
      "theme": "base"
    },
    {
      "name": "MessageBox.less",
      "designtime": true,
      "theme": "base"
    },
    {
      "name": "MessagePage.less",
      "designtime": true,
      "theme": "base"
    },
    {
      "name": "MessagePopover.less",
      "designtime": true,
      "theme": "base"
    },
    {
      "name": "MessageStrip.less",
      "designtime": true,
      "theme": "base"
    },
    {
      "name": "MessageToast.less",
      "designtime": true,
      "theme": "base"
    },
    {
      "name": "MultiComboBox.less",
      "designtime": true,
      "theme": "base"
    },
    {
      "name": "MultiInput.less",
      "designtime": true,
      "theme": "base"
    },
    {
      "name": "NavContainer.less",
      "designtime": true,
      "theme": "base"
    },
    {
      "name": "NewsContent.less",
      "designtime": true,
      "theme": "base"
    },
    {
      "name": "NotificationListBase.less",
      "designtime": true,
      "theme": "base"
    },
    {
      "name": "NotificationListGroup.less",
      "designtime": true,
      "theme": "base"
    },
    {
      "name": "NotificationListItem.less",
      "designtime": true,
      "theme": "base"
    },
    {
      "name": "NumericContent.less",
      "designtime": true,
      "theme": "base"
    },
    {
      "name": "ObjectAttribute.less",
      "designtime": true,
      "theme": "base"
    },
    {
      "name": "ObjectHeader.less",
      "designtime": true,
      "theme": "base"
    },
    {
      "name": "ObjectIdentifier.less",
      "designtime": true,
      "theme": "base"
    },
    {
      "name": "ObjectListItem.less",
      "designtime": true,
      "theme": "base"
    },
    {
      "name": "ObjectMarker.less",
      "designtime": true,
      "theme": "base"
    },
    {
      "name": "ObjectNumber.less",
      "designtime": true,
      "theme": "base"
    },
    {
      "name": "ObjectStatus.less",
      "designtime": true,
      "theme": "base"
    },
    {
      "name": "OverflowToolbarAssociativePopover.less",
      "designtime": true,
      "theme": "base"
    },
    {
      "name": "P13nColumnsPanel.less",
      "designtime": true,
      "theme": "base"
    },
    {
      "name": "P13nConditionPanel.less",
      "designtime": true,
      "theme": "base"
    },
    {
      "name": "P13nDialog.less",
      "designtime": true,
      "theme": "base"
    },
    {
      "name": "P13nFilterPanel.less",
      "designtime": true,
      "theme": "base"
    },
    {
      "name": "P13nGroupPanel.less",
      "designtime": true,
      "theme": "base"
    },
    {
      "name": "P13nPanel.less",
      "designtime": true,
      "theme": "base"
    },
    {
      "name": "P13nSortPanel.less",
      "designtime": true,
      "theme": "base"
    },
    {
      "name": "Page.less",
      "designtime": true,
      "theme": "base"
    },
    {
      "name": "PagingButton.less",
      "designtime": true,
      "theme": "base"
    },
    {
      "name": "Panel.less",
      "designtime": true,
      "theme": "base"
    },
    {
      "name": "PlanningCalendar.less",
      "designtime": true,
      "theme": "base"
    },
    {
      "name": "Popover.less",
      "designtime": true,
      "theme": "base"
    },
    {
      "name": "ProgressIndicator.less",
      "designtime": true,
      "theme": "base"
    },
    {
      "name": "PullToRefresh.less",
      "designtime": true,
      "theme": "base"
    },
    {
      "name": "QuickView.less",
      "designtime": true,
      "theme": "base"
    },
    {
      "name": "RadioButton.less",
      "designtime": true,
      "theme": "base"
    },
    {
      "name": "RadioButtonGroup.less",
      "designtime": true,
      "theme": "base"
    },
    {
      "name": "RangeSlider.less",
      "designtime": true,
      "theme": "base"
    },
    {
      "name": "RatingIndicator.less",
      "designtime": true,
      "theme": "base"
    },
    {
      "name": "ScrollContainer.less",
      "designtime": true,
      "theme": "base"
    },
    {
      "name": "SearchField.less",
      "designtime": true,
      "theme": "base"
    },
    {
      "name": "SegmentedButton.less",
      "designtime": true,
      "theme": "base"
    },
    {
      "name": "Select.less",
      "designtime": true,
      "theme": "base"
    },
    {
      "name": "SelectDialog.less",
      "designtime": true,
      "theme": "base"
    },
    {
      "name": "SelectList.less",
      "designtime": true,
      "theme": "base"
    },
    {
      "name": "SemanticPage.less",
      "designtime": true,
      "theme": "base"
    },
    {
      "name": "Shell.less",
      "designtime": true,
      "theme": "base"
    },
    {
      "name": "SlideTile.less",
      "designtime": true,
      "theme": "base"
    },
    {
      "name": "Slider.less",
      "designtime": true,
      "theme": "base"
    },
    {
      "name": "SplitApp.less",
      "designtime": true,
      "theme": "base"
    },
    {
      "name": "SplitButton.less",
      "designtime": true,
      "theme": "base"
    },
    {
      "name": "SplitContainer.less",
      "designtime": true,
      "theme": "base"
    },
    {
      "name": "StandardListItem.less",
      "designtime": true,
      "theme": "base"
    },
    {
      "name": "StandardTile.less",
      "designtime": true,
      "theme": "base"
    },
    {
      "name": "StandardTreeItem.less",
      "designtime": true,
      "theme": "base"
    },
    {
      "name": "StepInput.less",
      "designtime": true,
      "theme": "base"
    },
    {
      "name": "SuggestionItem.less",
      "designtime": true,
      "theme": "base"
    },
    {
      "name": "Support.less",
      "designtime": true,
      "theme": "base"
    },
    {
      "name": "Switch.less",
      "designtime": true,
      "theme": "base"
    },
    {
      "name": "TabContainer.less",
      "designtime": true,
      "theme": "base"
    },
    {
      "name": "TabStrip.less",
      "designtime": true,
      "theme": "base"
    },
    {
      "name": "TabStripSelect.less",
      "designtime": true,
      "theme": "base"
    },
    {
      "name": "TabStripSelectList.less",
      "designtime": true,
      "theme": "base"
    },
    {
      "name": "Table.less",
      "designtime": true,
      "theme": "base"
    },
    {
      "name": "TablePersoDialog.less",
      "designtime": true,
      "theme": "base"
    },
    {
      "name": "TableSelectDialog.less",
      "designtime": true,
      "theme": "base"
    },
    {
      "name": "Text.less",
      "designtime": true,
      "theme": "base"
    },
    {
      "name": "TextArea.less",
      "designtime": true,
      "theme": "base"
    },
    {
      "name": "Tile.less",
      "designtime": true,
      "theme": "base"
    },
    {
      "name": "TileContainer.less",
      "designtime": true,
      "theme": "base"
    },
    {
      "name": "TileContent.less",
      "designtime": true,
      "theme": "base"
    },
    {
      "name": "TimePicker.less",
      "designtime": true,
      "theme": "base"
    },
    {
      "name": "Title.less",
      "designtime": true,
      "theme": "base"
    },
    {
      "name": "ToggleButton.less",
      "designtime": true,
      "theme": "base"
    },
    {
      "name": "Token.less",
      "designtime": true,
      "theme": "base"
    },
    {
      "name": "Tokenizer.less",
      "designtime": true,
      "theme": "base"
    },
    {
      "name": "Toolbar.less",
      "designtime": true,
      "theme": "base"
    },
    {
      "name": "ToolbarSeparator.less",
      "designtime": true,
      "theme": "base"
    },
    {
      "name": "ToolbarSpacer.less",
      "designtime": true,
      "theme": "base"
    },
    {
      "name": "TreeItemBase.less",
      "designtime": true,
      "theme": "base"
    },
    {
      "name": "UploadCollection.less",
      "designtime": true,
      "theme": "base"
    },
    {
      "name": "ValueStateMessage.less",
      "designtime": true,
      "theme": "base"
    },
    {
      "name": "ViewSettingsDialog.less",
      "designtime": true,
      "theme": "base"
    },
    {
      "name": "ViewSettingsPopover.less",
      "designtime": true,
      "theme": "base"
    },
    {
      "name": "Wizard.less",
      "designtime": true,
      "theme": "base"
    },
    {
      "name": "WizardProgressNavigator.less",
      "designtime": true,
      "theme": "base"
    },
    {
      "name": "WizardStep.less",
      "designtime": true,
      "theme": "base"
    },
    {
      "name": "library-RTL-dbg.css",
      "isDebug": true,
      "theme": "base"
    },
    {
      "name": "library-RTL.css",
      "theme": "base"
    },
    {
      "name": "library-dbg.css",
      "isDebug": true,
      "theme": "base"
    },
    {
      "name": "library-parameters.json",
      "theme": "base"
    },
    {
      "name": "library.css",
      "theme": "base"
    },
    {
      "name": "library.less",
      "designtime": true,
      "theme": "base"
    },
    {
      "name": "library.source.less",
      "designtime": true,
      "theme": "base"
    },
    {
      "name": "shared.less",
      "designtime": true,
      "theme": "base"
    }
  ]
}