{
  "_version": "1.1.0",
  "resources": [
    {
      "name": ".theming",
      "theme": "sap_belize_plus"
    },
    {
      "name": "Button.less",
      "designtime": true,
      "theme": "sap_belize_plus"
    },
    {
      "name": "CheckBox.less",
      "designtime": true,
      "theme": "sap_belize_plus"
    },
    {
      "name": "Dialog.less",
      "designtime": true,
      "theme": "sap_belize_plus"
    },
    {
      "name": "FeedInput.less",
      "designtime": true,
      "theme": "sap_belize_plus"
    },
    {
      "name": "FeedListItem.less",
      "designtime": true,
      "theme": "sap_belize_plus"
    },
    {
      "name": "HeaderContainer.less",
      "designtime": true,
      "theme": "sap_belize_plus"
    },
    {
      "name": "IconTabBar.less",
      "designtime": true,
      "theme": "sap_belize_plus"
    },
    {
      "name": "ImageContent.less",
      "designtime": true,
      "theme": "sap_belize_plus"
    },
    {
      "name": "LightBox.less",
      "designtime": true,
      "theme": "sap_belize_plus"
    },
    {
      "name": "Link.less",
      "designtime": true,
      "theme": "sap_belize_plus"
    },
    {
      "name": "ListBase.less",
      "designtime": true,
      "theme": "sap_belize_plus"
    },
    {
      "name": "ListItemBase.less",
      "designtime": true,
      "theme": "sap_belize_plus"
    },
    {
      "name": "NewsContent.less",
      "designtime": true,
      "theme": "sap_belize_plus"
    },
    {
      "name": "NotificationListBase.less",
      "designtime": true,
      "theme": "sap_belize_plus"
    },
    {
      "name": "NotificationListGroup.less",
      "designtime": true,
      "theme": "sap_belize_plus"
    },
    {
      "name": "NumericContent.less",
      "designtime": true,
      "theme": "sap_belize_plus"
    },
    {
      "name": "ObjectAttribute.less",
      "designtime": true,
      "theme": "sap_belize_plus"
    },
    {
      "name": "ObjectMarker.less",
      "designtime": true,
      "theme": "sap_belize_plus"
    },
    {
      "name": "ObjectNumber.less",
      "designtime": true,
      "theme": "sap_belize_plus"
    },
    {
      "name": "ObjectStatus.less",
      "designtime": true,
      "theme": "sap_belize_plus"
    },
    {
      "name": "Page.less",
      "designtime": true,
      "theme": "sap_belize_plus"
    },
    {
      "name": "Popover.less",
      "designtime": true,
      "theme": "sap_belize_plus"
    },
    {
      "name": "ProgressIndicator.less",
      "designtime": true,
      "theme": "sap_belize_plus"
    },
    {
      "name": "RadioButton.less",
      "designtime": true,
      "theme": "sap_belize_plus"
    },
    {
      "name": "RatingIndicator.less",
      "designtime": true,
      "theme": "sap_belize_plus"
    },
    {
      "name": "Shell.less",
      "designtime": true,
      "theme": "sap_belize_plus"
    },
    {
      "name": "SlideTile.less",
      "designtime": true,
      "theme": "sap_belize_plus"
    },
    {
      "name": "Slider.less",
      "designtime": true,
      "theme": "sap_belize_plus"
    },
    {
      "name": "StandardListItem.less",
      "designtime": true,
      "theme": "sap_belize_plus"
    },
    {
      "name": "StandardTile.less",
      "designtime": true,
      "theme": "sap_belize_plus"
    },
    {
      "name": "Switch.less",
      "designtime": true,
      "theme": "sap_belize_plus"
    },
    {
      "name": "TabStrip.less",
      "designtime": true,
      "theme": "sap_belize_plus"
    },
    {
      "name": "TileContent.less",
      "designtime": true,
      "theme": "sap_belize_plus"
    },
    {
      "name": "Token.less",
      "designtime": true,
      "theme": "sap_belize_plus"
    },
    {
      "name": "UploadCollection.less",
      "designtime": true,
      "theme": "sap_belize_plus"
    },
    {
      "name": "ViewSettingsDialog.less",
      "designtime": true,
      "theme": "sap_belize_plus"
    },
    {
      "name": "WizardProgressNavigator.less",
      "designtime": true,
      "theme": "sap_belize_plus"
    },
    {
      "name": "library-RTL-dbg.css",
      "isDebug": true,
      "theme": "sap_belize_plus"
    },
    {
      "name": "library-RTL.css",
      "theme": "sap_belize_plus"
    },
    {
      "name": "library-dbg.css",
      "isDebug": true,
      "theme": "sap_belize_plus"
    },
    {
      "name": "library-parameters.json",
      "theme": "sap_belize_plus"
    },
    {
      "name": "library.css",
      "theme": "sap_belize_plus"
    },
    {
      "name": "library.less",
      "designtime": true,
      "theme": "sap_belize_plus"
    },
    {
      "name": "library.source.less",
      "designtime": true,
      "theme": "sap_belize_plus"
    }
  ]
}